../benchmarks/BenchMarkishTopics/BenchMarkishTopics.c.o0.out ,  real 1m11.163s user 1m11.109s sys 0m0.020s
../benchmarks/BenchMarkishTopics/BenchMarkishTopics.c.o3.out ,  real 0m9.956s user 0m9.950s sys 0m0.000s
../benchmarks/BenchMarkishTopics/BenchMarkishTopics.opt.s.out ,  real 0m45.567s user 0m45.552s sys 0m0.000s
../benchmarks/BenchMarkishTopics/BenchMarkishTopics.reg.s.out ,  real 0m48.666s user 0m48.642s sys 0m0.010s
../benchmarks/BenchMarkishTopics/BenchMarkishTopics.stack.s.out ,  real 1m24.546s user 1m24.518s sys 0m0.000s
../benchmarks/BenchMarkishTopics/BenchMarkishTopics.c.o0.out ,  real 1m14.788s user 1m14.722s sys 0m0.000s
../benchmarks/BenchMarkishTopics/BenchMarkishTopics.c.o3.out ,  real 0m10.337s user 0m10.240s sys 0m0.010s
../benchmarks/BenchMarkishTopics/BenchMarkishTopics.opt.s.out ,  real 0m45.847s user 0m45.835s sys 0m0.000s
../benchmarks/BenchMarkishTopics/BenchMarkishTopics.reg.s.out ,  real 0m45.986s user 0m45.973s sys 0m0.001s
../benchmarks/BenchMarkishTopics/BenchMarkishTopics.stack.s.out ,  real 1m35.096s user 1m35.022s sys 0m0.030s
../benchmarks/BenchMarkishTopics/BenchMarkishTopics.c.o0.out ,  real 1m10.760s user 1m10.729s sys 0m0.010s
../benchmarks/BenchMarkishTopics/BenchMarkishTopics.c.o3.out ,  real 0m9.898s user 0m9.892s sys 0m0.000s
../benchmarks/BenchMarkishTopics/BenchMarkishTopics.opt.s.out ,  real 0m50.143s user 0m50.128s sys 0m0.001s
../benchmarks/BenchMarkishTopics/BenchMarkishTopics.reg.s.out ,  real 0m46.031s user 0m46.005s sys 0m0.010s
../benchmarks/BenchMarkishTopics/BenchMarkishTopics.stack.s.out ,  real 1m34.798s user 1m34.708s sys 0m0.030s
../benchmarks/BenchMarkishTopics/BenchMarkishTopics.c.o0.out ,  real 1m11.136s user 1m11.112s sys 0m0.011s
../benchmarks/BenchMarkishTopics/BenchMarkishTopics.c.o3.out ,  real 0m10.431s user 0m10.412s sys 0m0.010s
../benchmarks/BenchMarkishTopics/BenchMarkishTopics.opt.s.out ,  real 0m55.803s user 0m55.743s sys 0m0.010s
../benchmarks/BenchMarkishTopics/BenchMarkishTopics.reg.s.out ,  real 0m50.763s user 0m50.738s sys 0m0.010s
../benchmarks/BenchMarkishTopics/BenchMarkishTopics.stack.s.out ,  real 1m22.950s user 1m22.902s sys 0m0.010s
../benchmarks/BenchMarkishTopics/BenchMarkishTopics.c.o0.out ,  real 1m10.142s user 1m10.119s sys 0m0.000s
../benchmarks/BenchMarkishTopics/BenchMarkishTopics.c.o3.out ,  real 0m9.719s user 0m9.713s sys 0m0.001s
../benchmarks/BenchMarkishTopics/BenchMarkishTopics.opt.s.out ,  real 0m50.086s user 0m50.069s sys 0m0.010s
../benchmarks/BenchMarkishTopics/BenchMarkishTopics.reg.s.out ,  real 0m46.200s user 0m46.184s sys 0m0.010s
../benchmarks/BenchMarkishTopics/BenchMarkishTopics.stack.s.out ,  real 1m34.808s user 1m34.727s sys 0m0.020s
../benchmarks/BenchMarkishTopics/BenchMarkishTopics.c.o0.out ,  real 1m11.210s user 1m11.199s sys 0m0.000s
../benchmarks/BenchMarkishTopics/BenchMarkishTopics.c.o3.out ,  real 0m10.017s user 0m10.012s sys 0m0.001s
../benchmarks/BenchMarkishTopics/BenchMarkishTopics.opt.s.out ,  real 0m52.590s user 0m52.547s sys 0m0.020s
../benchmarks/BenchMarkishTopics/BenchMarkishTopics.reg.s.out ,  real 0m45.611s user 0m45.584s sys 0m0.011s
../benchmarks/BenchMarkishTopics/BenchMarkishTopics.stack.s.out ,  real 1m23.381s user 1m23.357s sys 0m0.010s
../benchmarks/BenchMarkishTopics/BenchMarkishTopics.c.o0.out ,  real 1m11.019s user 1m10.997s sys 0m0.000s
../benchmarks/BenchMarkishTopics/BenchMarkishTopics.c.o3.out ,  real 0m10.411s user 0m10.382s sys 0m0.020s
../benchmarks/BenchMarkishTopics/BenchMarkishTopics.opt.s.out ,  real 0m45.617s user 0m45.594s sys 0m0.010s
../benchmarks/BenchMarkishTopics/BenchMarkishTopics.reg.s.out ,  real 0m49.717s user 0m49.697s sys 0m0.010s
../benchmarks/BenchMarkishTopics/BenchMarkishTopics.stack.s.out ,  real 1m27.632s user 1m27.619s sys 0m0.000s
../benchmarks/BenchMarkishTopics/BenchMarkishTopics.c.o0.out ,  real 1m9.337s user 1m9.316s sys 0m0.000s
../benchmarks/BenchMarkishTopics/BenchMarkishTopics.c.o3.out ,  real 0m9.917s user 0m9.900s sys 0m0.010s
../benchmarks/BenchMarkishTopics/BenchMarkishTopics.opt.s.out ,  real 0m45.767s user 0m45.744s sys 0m0.010s
../benchmarks/BenchMarkishTopics/BenchMarkishTopics.reg.s.out ,  real 0m49.921s user 0m49.915s sys 0m0.000s
../benchmarks/BenchMarkishTopics/BenchMarkishTopics.stack.s.out ,  real 1m28.033s user 1m28.020s sys 0m0.001s
../benchmarks/BenchMarkishTopics/BenchMarkishTopics.c.o0.out ,  real 1m11.956s user 1m11.947s sys 0m0.000s
../benchmarks/BenchMarkishTopics/BenchMarkishTopics.c.o3.out ,  real 0m9.943s user 0m9.929s sys 0m0.010s
../benchmarks/BenchMarkishTopics/BenchMarkishTopics.opt.s.out ,  real 0m57.479s user 0m57.436s sys 0m0.010s
../benchmarks/BenchMarkishTopics/BenchMarkishTopics.reg.s.out ,  real 0m45.958s user 0m45.926s sys 0m0.020s
../benchmarks/BenchMarkishTopics/BenchMarkishTopics.stack.s.out ,  real 1m27.710s user 1m27.689s sys 0m0.010s
../benchmarks/BenchMarkishTopics/BenchMarkishTopics.c.o0.out ,  real 1m14.890s user 1m14.809s sys 0m0.010s
../benchmarks/BenchMarkishTopics/BenchMarkishTopics.c.o3.out ,  real 0m9.890s user 0m9.871s sys 0m0.010s
../benchmarks/BenchMarkishTopics/BenchMarkishTopics.opt.s.out ,  real 0m50.163s user 0m50.137s sys 0m0.020s
../benchmarks/BenchMarkishTopics/BenchMarkishTopics.reg.s.out ,  real 0m45.662s user 0m45.656s sys 0m0.000s
../benchmarks/BenchMarkishTopics/BenchMarkishTopics.stack.s.out ,  real 1m22.822s user 1m22.810s sys 0m0.000s
../benchmarks/bert/bert.c.o0.out ,  real 0m0.008s user 0m0.005s sys 0m0.000s
../benchmarks/bert/bert.c.o3.out ,  real 0m0.008s user 0m0.001s sys 0m0.005s
../benchmarks/bert/bert.opt.s.out ,  real 0m0.007s user 0m0.005s sys 0m0.000s
../benchmarks/bert/bert.reg.s.out ,  real 0m0.007s user 0m0.005s sys 0m0.000s
../benchmarks/bert/bert.stack.s.out ,  real 0m0.007s user 0m0.001s sys 0m0.005s
../benchmarks/bert/bert.c.o0.out ,  real 0m0.006s user 0m0.005s sys 0m0.000s
../benchmarks/bert/bert.c.o3.out ,  real 0m0.006s user 0m0.005s sys 0m0.000s
../benchmarks/bert/bert.opt.s.out ,  real 0m0.006s user 0m0.005s sys 0m0.000s
../benchmarks/bert/bert.reg.s.out ,  real 0m0.006s user 0m0.005s sys 0m0.000s
../benchmarks/bert/bert.stack.s.out ,  real 0m0.006s user 0m0.005s sys 0m0.000s
../benchmarks/bert/bert.c.o0.out ,  real 0m0.006s user 0m0.005s sys 0m0.000s
../benchmarks/bert/bert.c.o3.out ,  real 0m0.007s user 0m0.005s sys 0m0.000s
../benchmarks/bert/bert.opt.s.out ,  real 0m0.006s user 0m0.005s sys 0m0.000s
../benchmarks/bert/bert.reg.s.out ,  real 0m0.006s user 0m0.005s sys 0m0.000s
../benchmarks/bert/bert.stack.s.out ,  real 0m0.006s user 0m0.001s sys 0m0.004s
../benchmarks/bert/bert.c.o0.out ,  real 0m0.006s user 0m0.004s sys 0m0.001s
../benchmarks/bert/bert.c.o3.out ,  real 0m0.006s user 0m0.005s sys 0m0.000s
../benchmarks/bert/bert.opt.s.out ,  real 0m0.006s user 0m0.005s sys 0m0.000s
../benchmarks/bert/bert.reg.s.out ,  real 0m0.006s user 0m0.005s sys 0m0.000s
../benchmarks/bert/bert.stack.s.out ,  real 0m0.006s user 0m0.005s sys 0m0.000s
../benchmarks/bert/bert.c.o0.out ,  real 0m0.006s user 0m0.005s sys 0m0.000s
../benchmarks/bert/bert.c.o3.out ,  real 0m0.006s user 0m0.005s sys 0m0.000s
../benchmarks/bert/bert.opt.s.out ,  real 0m0.006s user 0m0.001s sys 0m0.005s
../benchmarks/bert/bert.reg.s.out ,  real 0m0.006s user 0m0.005s sys 0m0.000s
../benchmarks/bert/bert.stack.s.out ,  real 0m0.006s user 0m0.004s sys 0m0.001s
../benchmarks/bert/bert.c.o0.out ,  real 0m0.006s user 0m0.005s sys 0m0.000s
../benchmarks/bert/bert.c.o3.out ,  real 0m0.006s user 0m0.001s sys 0m0.004s
../benchmarks/bert/bert.opt.s.out ,  real 0m0.006s user 0m0.005s sys 0m0.000s
../benchmarks/bert/bert.reg.s.out ,  real 0m0.006s user 0m0.001s sys 0m0.005s
../benchmarks/bert/bert.stack.s.out ,  real 0m0.006s user 0m0.005s sys 0m0.000s
../benchmarks/bert/bert.c.o0.out ,  real 0m0.006s user 0m0.001s sys 0m0.004s
../benchmarks/bert/bert.c.o3.out ,  real 0m0.006s user 0m0.005s sys 0m0.000s
../benchmarks/bert/bert.opt.s.out ,  real 0m0.006s user 0m0.001s sys 0m0.005s
../benchmarks/bert/bert.reg.s.out ,  real 0m0.006s user 0m0.005s sys 0m0.000s
../benchmarks/bert/bert.stack.s.out ,  real 0m0.006s user 0m0.004s sys 0m0.001s
../benchmarks/bert/bert.c.o0.out ,  real 0m0.006s user 0m0.005s sys 0m0.000s
../benchmarks/bert/bert.c.o3.out ,  real 0m0.006s user 0m0.005s sys 0m0.000s
../benchmarks/bert/bert.opt.s.out ,  real 0m0.006s user 0m0.001s sys 0m0.005s
../benchmarks/bert/bert.reg.s.out ,  real 0m0.006s user 0m0.000s sys 0m0.005s
../benchmarks/bert/bert.stack.s.out ,  real 0m0.006s user 0m0.005s sys 0m0.000s
../benchmarks/bert/bert.c.o0.out ,  real 0m0.006s user 0m0.005s sys 0m0.000s
../benchmarks/bert/bert.c.o3.out ,  real 0m0.006s user 0m0.001s sys 0m0.004s
../benchmarks/bert/bert.opt.s.out ,  real 0m0.006s user 0m0.005s sys 0m0.000s
../benchmarks/bert/bert.reg.s.out ,  real 0m0.006s user 0m0.004s sys 0m0.001s
../benchmarks/bert/bert.stack.s.out ,  real 0m0.006s user 0m0.005s sys 0m0.000s
../benchmarks/bert/bert.c.o0.out ,  real 0m0.006s user 0m0.001s sys 0m0.004s
../benchmarks/bert/bert.c.o3.out ,  real 0m0.006s user 0m0.005s sys 0m0.000s
../benchmarks/bert/bert.opt.s.out ,  real 0m0.006s user 0m0.001s sys 0m0.005s
../benchmarks/bert/bert.reg.s.out ,  real 0m0.006s user 0m0.005s sys 0m0.000s
../benchmarks/bert/bert.stack.s.out ,  real 0m0.009s user 0m0.008s sys 0m0.000s
../benchmarks/biggest/biggest.c.o0.out ,  real 0m0.011s user 0m0.001s sys 0m0.005s
../benchmarks/biggest/biggest.c.o3.out ,  real 0m0.010s user 0m0.001s sys 0m0.005s
../benchmarks/biggest/biggest.opt.s.out ,  real 0m0.009s user 0m0.001s sys 0m0.005s
../benchmarks/biggest/biggest.reg.s.out ,  real 0m0.009s user 0m0.001s sys 0m0.005s
../benchmarks/biggest/biggest.stack.s.out ,  real 0m0.009s user 0m0.006s sys 0m0.000s
../benchmarks/biggest/biggest.c.o0.out ,  real 0m0.007s user 0m0.006s sys 0m0.000s
../benchmarks/biggest/biggest.c.o3.out ,  real 0m0.008s user 0m0.006s sys 0m0.000s
../benchmarks/biggest/biggest.opt.s.out ,  real 0m0.007s user 0m0.001s sys 0m0.005s
../benchmarks/biggest/biggest.reg.s.out ,  real 0m0.007s user 0m0.005s sys 0m0.001s
../benchmarks/biggest/biggest.stack.s.out ,  real 0m0.007s user 0m0.006s sys 0m0.000s
../benchmarks/biggest/biggest.c.o0.out ,  real 0m0.007s user 0m0.006s sys 0m0.000s
../benchmarks/biggest/biggest.c.o3.out ,  real 0m0.007s user 0m0.005s sys 0m0.001s
../benchmarks/biggest/biggest.opt.s.out ,  real 0m0.007s user 0m0.001s sys 0m0.005s
../benchmarks/biggest/biggest.reg.s.out ,  real 0m0.008s user 0m0.006s sys 0m0.000s
../benchmarks/biggest/biggest.stack.s.out ,  real 0m0.007s user 0m0.001s sys 0m0.005s
../benchmarks/biggest/biggest.c.o0.out ,  real 0m0.007s user 0m0.001s sys 0m0.005s
../benchmarks/biggest/biggest.c.o3.out ,  real 0m0.007s user 0m0.006s sys 0m0.000s
../benchmarks/biggest/biggest.opt.s.out ,  real 0m0.007s user 0m0.006s sys 0m0.000s
../benchmarks/biggest/biggest.reg.s.out ,  real 0m0.007s user 0m0.006s sys 0m0.000s
../benchmarks/biggest/biggest.stack.s.out ,  real 0m0.007s user 0m0.006s sys 0m0.000s
../benchmarks/biggest/biggest.c.o0.out ,  real 0m0.007s user 0m0.006s sys 0m0.000s
../benchmarks/biggest/biggest.c.o3.out ,  real 0m0.007s user 0m0.001s sys 0m0.005s
../benchmarks/biggest/biggest.opt.s.out ,  real 0m0.007s user 0m0.006s sys 0m0.000s
../benchmarks/biggest/biggest.reg.s.out ,  real 0m0.007s user 0m0.006s sys 0m0.000s
../benchmarks/biggest/biggest.stack.s.out ,  real 0m0.007s user 0m0.006s sys 0m0.000s
../benchmarks/biggest/biggest.c.o0.out ,  real 0m0.007s user 0m0.005s sys 0m0.001s
../benchmarks/biggest/biggest.c.o3.out ,  real 0m0.006s user 0m0.006s sys 0m0.000s
../benchmarks/biggest/biggest.opt.s.out ,  real 0m0.007s user 0m0.006s sys 0m0.000s
../benchmarks/biggest/biggest.reg.s.out ,  real 0m0.007s user 0m0.001s sys 0m0.005s
../benchmarks/biggest/biggest.stack.s.out ,  real 0m0.007s user 0m0.006s sys 0m0.000s
../benchmarks/biggest/biggest.c.o0.out ,  real 0m0.007s user 0m0.006s sys 0m0.000s
../benchmarks/biggest/biggest.c.o3.out ,  real 0m0.007s user 0m0.005s sys 0m0.001s
../benchmarks/biggest/biggest.opt.s.out ,  real 0m0.007s user 0m0.006s sys 0m0.000s
../benchmarks/biggest/biggest.reg.s.out ,  real 0m0.007s user 0m0.001s sys 0m0.005s
../benchmarks/biggest/biggest.stack.s.out ,  real 0m0.007s user 0m0.006s sys 0m0.000s
../benchmarks/biggest/biggest.c.o0.out ,  real 0m0.007s user 0m0.005s sys 0m0.001s
../benchmarks/biggest/biggest.c.o3.out ,  real 0m0.007s user 0m0.006s sys 0m0.000s
../benchmarks/biggest/biggest.opt.s.out ,  real 0m0.007s user 0m0.006s sys 0m0.000s
../benchmarks/biggest/biggest.reg.s.out ,  real 0m0.012s user 0m0.001s sys 0m0.010s
../benchmarks/biggest/biggest.stack.s.out ,  real 0m0.012s user 0m0.011s sys 0m0.000s
../benchmarks/biggest/biggest.c.o0.out ,  real 0m0.012s user 0m0.001s sys 0m0.009s
../benchmarks/biggest/biggest.c.o3.out ,  real 0m0.011s user 0m0.001s sys 0m0.009s
../benchmarks/biggest/biggest.opt.s.out ,  real 0m0.012s user 0m0.001s sys 0m0.009s
../benchmarks/biggest/biggest.reg.s.out ,  real 0m0.012s user 0m0.001s sys 0m0.009s
../benchmarks/biggest/biggest.stack.s.out ,  real 0m0.012s user 0m0.001s sys 0m0.009s
../benchmarks/biggest/biggest.c.o0.out ,  real 0m0.011s user 0m0.010s sys 0m0.000s
../benchmarks/biggest/biggest.c.o3.out ,  real 0m0.011s user 0m0.001s sys 0m0.009s
../benchmarks/biggest/biggest.opt.s.out ,  real 0m0.012s user 0m0.000s sys 0m0.011s
../benchmarks/biggest/biggest.reg.s.out ,  real 0m0.012s user 0m0.000s sys 0m0.011s
../benchmarks/biggest/biggest.stack.s.out ,  real 0m0.012s user 0m0.010s sys 0m0.002s
../benchmarks/binaryConverter/binaryConverter.c.o0.out ,  real 0m31.259s user 0m31.240s sys 0m0.010s
../benchmarks/binaryConverter/binaryConverter.c.o3.out ,  real 0m0.008s user 0m0.004s sys 0m0.000s
../benchmarks/binaryConverter/binaryConverter.opt.s.out ,  real 0m17.729s user 0m17.720s sys 0m0.000s
../benchmarks/binaryConverter/binaryConverter.reg.s.out ,  real 0m17.734s user 0m17.715s sys 0m0.010s
../benchmarks/binaryConverter/binaryConverter.stack.s.out ,  real 0m40.013s user 0m40.008s sys 0m0.000s
../benchmarks/binaryConverter/binaryConverter.c.o0.out ,  real 0m31.050s user 0m31.042s sys 0m0.000s
../benchmarks/binaryConverter/binaryConverter.c.o3.out ,  real 0m0.006s user 0m0.001s sys 0m0.003s
../benchmarks/binaryConverter/binaryConverter.opt.s.out ,  real 0m17.721s user 0m17.709s sys 0m0.010s
../benchmarks/binaryConverter/binaryConverter.reg.s.out ,  real 0m17.866s user 0m17.851s sys 0m0.010s
../benchmarks/binaryConverter/binaryConverter.stack.s.out ,  real 0m39.868s user 0m39.861s sys 0m0.000s
../benchmarks/binaryConverter/binaryConverter.c.o0.out ,  real 0m31.261s user 0m31.251s sys 0m0.000s
../benchmarks/binaryConverter/binaryConverter.c.o3.out ,  real 0m0.006s user 0m0.004s sys 0m0.000s
../benchmarks/binaryConverter/binaryConverter.opt.s.out ,  real 0m17.724s user 0m17.719s sys 0m0.001s
../benchmarks/binaryConverter/binaryConverter.reg.s.out ,  real 0m17.721s user 0m17.709s sys 0m0.011s
../benchmarks/binaryConverter/binaryConverter.stack.s.out ,  real 0m39.906s user 0m39.897s sys 0m0.000s
../benchmarks/binaryConverter/binaryConverter.c.o0.out ,  real 0m31.142s user 0m31.135s sys 0m0.000s
../benchmarks/binaryConverter/binaryConverter.c.o3.out ,  real 0m0.006s user 0m0.004s sys 0m0.000s
../benchmarks/binaryConverter/binaryConverter.opt.s.out ,  real 0m17.868s user 0m17.852s sys 0m0.010s
../benchmarks/binaryConverter/binaryConverter.reg.s.out ,  real 0m17.788s user 0m17.785s sys 0m0.000s
../benchmarks/binaryConverter/binaryConverter.stack.s.out ,  real 0m39.868s user 0m39.861s sys 0m0.000s
../benchmarks/binaryConverter/binaryConverter.c.o0.out ,  real 0m31.264s user 0m31.252s sys 0m0.000s
../benchmarks/binaryConverter/binaryConverter.c.o3.out ,  real 0m0.005s user 0m0.004s sys 0m0.000s
../benchmarks/binaryConverter/binaryConverter.opt.s.out ,  real 0m17.871s user 0m17.851s sys 0m0.010s
../benchmarks/binaryConverter/binaryConverter.reg.s.out ,  real 0m17.721s user 0m17.700s sys 0m0.020s
../benchmarks/binaryConverter/binaryConverter.stack.s.out ,  real 0m39.869s user 0m39.861s sys 0m0.000s
../benchmarks/binaryConverter/binaryConverter.c.o0.out ,  real 0m31.119s user 0m31.117s sys 0m0.000s
../benchmarks/binaryConverter/binaryConverter.c.o3.out ,  real 0m0.007s user 0m0.004s sys 0m0.000s
../benchmarks/binaryConverter/binaryConverter.opt.s.out ,  real 0m17.789s user 0m17.786s sys 0m0.000s
../benchmarks/binaryConverter/binaryConverter.reg.s.out ,  real 0m17.788s user 0m17.784s sys 0m0.001s
../benchmarks/binaryConverter/binaryConverter.stack.s.out ,  real 0m40.188s user 0m40.159s sys 0m0.021s
../benchmarks/binaryConverter/binaryConverter.c.o0.out ,  real 0m31.011s user 0m31.004s sys 0m0.000s
../benchmarks/binaryConverter/binaryConverter.c.o3.out ,  real 0m0.005s user 0m0.004s sys 0m0.000s
../benchmarks/binaryConverter/binaryConverter.opt.s.out ,  real 0m17.721s user 0m17.699s sys 0m0.020s
../benchmarks/binaryConverter/binaryConverter.reg.s.out ,  real 0m17.723s user 0m17.720s sys 0m0.000s
../benchmarks/binaryConverter/binaryConverter.stack.s.out ,  real 0m40.013s user 0m40.008s sys 0m0.000s
../benchmarks/binaryConverter/binaryConverter.c.o0.out ,  real 0m31.007s user 0m30.993s sys 0m0.010s
../benchmarks/binaryConverter/binaryConverter.c.o3.out ,  real 0m0.016s user 0m0.004s sys 0m0.000s
../benchmarks/binaryConverter/binaryConverter.opt.s.out ,  real 0m17.866s user 0m17.861s sys 0m0.000s
../benchmarks/binaryConverter/binaryConverter.reg.s.out ,  real 0m17.867s user 0m17.862s sys 0m0.000s
../benchmarks/binaryConverter/binaryConverter.stack.s.out ,  real 0m39.867s user 0m39.851s sys 0m0.010s
../benchmarks/binaryConverter/binaryConverter.c.o0.out ,  real 0m31.120s user 0m31.117s sys 0m0.000s
../benchmarks/binaryConverter/binaryConverter.c.o3.out ,  real 0m0.006s user 0m0.003s sys 0m0.001s
../benchmarks/binaryConverter/binaryConverter.opt.s.out ,  real 0m17.867s user 0m17.861s sys 0m0.000s
../benchmarks/binaryConverter/binaryConverter.reg.s.out ,  real 0m17.787s user 0m17.785s sys 0m0.000s
../benchmarks/binaryConverter/binaryConverter.stack.s.out ,  real 0m40.189s user 0m40.180s sys 0m0.000s
../benchmarks/binaryConverter/binaryConverter.c.o0.out ,  real 0m31.119s user 0m31.117s sys 0m0.000s
../benchmarks/binaryConverter/binaryConverter.c.o3.out ,  real 0m0.007s user 0m0.004s sys 0m0.000s
../benchmarks/binaryConverter/binaryConverter.opt.s.out ,  real 0m17.723s user 0m17.720s sys 0m0.000s
../benchmarks/binaryConverter/binaryConverter.reg.s.out ,  real 0m17.788s user 0m17.785s sys 0m0.000s
../benchmarks/binaryConverter/binaryConverter.stack.s.out ,  real 0m39.868s user 0m39.851s sys 0m0.010s
../benchmarks/brett/brett.c.o0.out ,  real 0m0.010s user 0m0.006s sys 0m0.001s
../benchmarks/brett/brett.c.o3.out ,  real 0m0.010s user 0m0.000s sys 0m0.008s
../benchmarks/brett/brett.opt.s.out ,  real 0m0.010s user 0m0.000s sys 0m0.008s
../benchmarks/brett/brett.reg.s.out ,  real 0m0.010s user 0m0.006s sys 0m0.001s
../benchmarks/brett/brett.stack.s.out ,  real 0m0.010s user 0m0.001s sys 0m0.006s
../benchmarks/brett/brett.c.o0.out ,  real 0m0.008s user 0m0.007s sys 0m0.000s
../benchmarks/brett/brett.c.o3.out ,  real 0m0.008s user 0m0.001s sys 0m0.006s
../benchmarks/brett/brett.opt.s.out ,  real 0m0.008s user 0m0.001s sys 0m0.006s
../benchmarks/brett/brett.reg.s.out ,  real 0m0.009s user 0m0.001s sys 0m0.006s
../benchmarks/brett/brett.stack.s.out ,  real 0m0.009s user 0m0.007s sys 0m0.000s
../benchmarks/brett/brett.c.o0.out ,  real 0m0.008s user 0m0.007s sys 0m0.000s
../benchmarks/brett/brett.c.o3.out ,  real 0m0.009s user 0m0.001s sys 0m0.006s
../benchmarks/brett/brett.opt.s.out ,  real 0m0.009s user 0m0.006s sys 0m0.002s
../benchmarks/brett/brett.reg.s.out ,  real 0m0.013s user 0m0.001s sys 0m0.006s
../benchmarks/brett/brett.stack.s.out ,  real 0m0.009s user 0m0.007s sys 0m0.000s
../benchmarks/brett/brett.c.o0.out ,  real 0m0.008s user 0m0.006s sys 0m0.001s
../benchmarks/brett/brett.c.o3.out ,  real 0m0.008s user 0m0.007s sys 0m0.000s
../benchmarks/brett/brett.opt.s.out ,  real 0m0.009s user 0m0.008s sys 0m0.000s
../benchmarks/brett/brett.reg.s.out ,  real 0m0.008s user 0m0.007s sys 0m0.000s
../benchmarks/brett/brett.stack.s.out ,  real 0m0.009s user 0m0.000s sys 0m0.008s
../benchmarks/brett/brett.c.o0.out ,  real 0m0.008s user 0m0.001s sys 0m0.006s
../benchmarks/brett/brett.c.o3.out ,  real 0m0.009s user 0m0.001s sys 0m0.006s
../benchmarks/brett/brett.opt.s.out ,  real 0m0.008s user 0m0.001s sys 0m0.006s
../benchmarks/brett/brett.reg.s.out ,  real 0m0.008s user 0m0.006s sys 0m0.001s
../benchmarks/brett/brett.stack.s.out ,  real 0m0.009s user 0m0.007s sys 0m0.000s
../benchmarks/brett/brett.c.o0.out ,  real 0m0.008s user 0m0.006s sys 0m0.002s
../benchmarks/brett/brett.c.o3.out ,  real 0m0.013s user 0m0.007s sys 0m0.000s
../benchmarks/brett/brett.opt.s.out ,  real 0m0.009s user 0m0.000s sys 0m0.008s
../benchmarks/brett/brett.reg.s.out ,  real 0m0.009s user 0m0.001s sys 0m0.006s
../benchmarks/brett/brett.stack.s.out ,  real 0m0.009s user 0m0.001s sys 0m0.006s
../benchmarks/brett/brett.c.o0.out ,  real 0m0.008s user 0m0.001s sys 0m0.006s
../benchmarks/brett/brett.c.o3.out ,  real 0m0.008s user 0m0.001s sys 0m0.006s
../benchmarks/brett/brett.opt.s.out ,  real 0m0.009s user 0m0.006s sys 0m0.002s
../benchmarks/brett/brett.reg.s.out ,  real 0m0.009s user 0m0.006s sys 0m0.001s
../benchmarks/brett/brett.stack.s.out ,  real 0m0.009s user 0m0.000s sys 0m0.007s
../benchmarks/brett/brett.c.o0.out ,  real 0m0.008s user 0m0.006s sys 0m0.001s
../benchmarks/brett/brett.c.o3.out ,  real 0m0.008s user 0m0.007s sys 0m0.000s
../benchmarks/brett/brett.opt.s.out ,  real 0m0.009s user 0m0.001s sys 0m0.006s
../benchmarks/brett/brett.reg.s.out ,  real 0m0.008s user 0m0.007s sys 0m0.000s
../benchmarks/brett/brett.stack.s.out ,  real 0m0.008s user 0m0.006s sys 0m0.001s
../benchmarks/brett/brett.c.o0.out ,  real 0m0.008s user 0m0.006s sys 0m0.001s
../benchmarks/brett/brett.c.o3.out ,  real 0m0.009s user 0m0.007s sys 0m0.000s
../benchmarks/brett/brett.opt.s.out ,  real 0m0.009s user 0m0.001s sys 0m0.006s
../benchmarks/brett/brett.reg.s.out ,  real 0m0.009s user 0m0.001s sys 0m0.006s
../benchmarks/brett/brett.stack.s.out ,  real 0m0.009s user 0m0.006s sys 0m0.001s
../benchmarks/brett/brett.c.o0.out ,  real 0m0.008s user 0m0.007s sys 0m0.000s
../benchmarks/brett/brett.c.o3.out ,  real 0m0.008s user 0m0.001s sys 0m0.006s
../benchmarks/brett/brett.opt.s.out ,  real 0m0.009s user 0m0.001s sys 0m0.006s
../benchmarks/brett/brett.reg.s.out ,  real 0m0.010s user 0m0.001s sys 0m0.006s
../benchmarks/brett/brett.stack.s.out ,  real 0m0.010s user 0m0.001s sys 0m0.006s
../benchmarks/creativeBenchMarkName/creativeBenchMarkName.c.o0.out ,  real 0m8.590s user 0m8.585s sys 0m0.000s
../benchmarks/creativeBenchMarkName/creativeBenchMarkName.c.o3.out ,  real 0m0.007s user 0m0.001s sys 0m0.004s
../benchmarks/creativeBenchMarkName/creativeBenchMarkName.opt.s.out ,  real 0m6.137s user 0m6.134s sys 0m0.000s
../benchmarks/creativeBenchMarkName/creativeBenchMarkName.reg.s.out ,  real 0m6.089s user 0m6.085s sys 0m0.000s
../benchmarks/creativeBenchMarkName/creativeBenchMarkName.stack.s.out ,  real 0m10.992s user 0m10.990s sys 0m0.000s
../benchmarks/creativeBenchMarkName/creativeBenchMarkName.c.o0.out ,  real 0m8.589s user 0m8.585s sys 0m0.000s
../benchmarks/creativeBenchMarkName/creativeBenchMarkName.c.o3.out ,  real 0m0.005s user 0m0.004s sys 0m0.000s
../benchmarks/creativeBenchMarkName/creativeBenchMarkName.opt.s.out ,  real 0m6.110s user 0m6.106s sys 0m0.001s
../benchmarks/creativeBenchMarkName/creativeBenchMarkName.reg.s.out ,  real 0m6.136s user 0m6.123s sys 0m0.010s
../benchmarks/creativeBenchMarkName/creativeBenchMarkName.stack.s.out ,  real 0m11.040s user 0m11.027s sys 0m0.010s
../benchmarks/creativeBenchMarkName/creativeBenchMarkName.c.o0.out ,  real 0m8.521s user 0m8.517s sys 0m0.000s
../benchmarks/creativeBenchMarkName/creativeBenchMarkName.c.o3.out ,  real 0m0.006s user 0m0.001s sys 0m0.003s
../benchmarks/creativeBenchMarkName/creativeBenchMarkName.opt.s.out ,  real 0m6.113s user 0m6.110s sys 0m0.001s
../benchmarks/creativeBenchMarkName/creativeBenchMarkName.reg.s.out ,  real 0m6.086s user 0m6.085s sys 0m0.000s
../benchmarks/creativeBenchMarkName/creativeBenchMarkName.stack.s.out ,  real 0m11.040s user 0m11.026s sys 0m0.011s
../benchmarks/creativeBenchMarkName/creativeBenchMarkName.c.o0.out ,  real 0m8.518s user 0m8.517s sys 0m0.000s
../benchmarks/creativeBenchMarkName/creativeBenchMarkName.c.o3.out ,  real 0m0.005s user 0m0.004s sys 0m0.000s
../benchmarks/creativeBenchMarkName/creativeBenchMarkName.opt.s.out ,  real 0m6.087s user 0m6.085s sys 0m0.000s
../benchmarks/creativeBenchMarkName/creativeBenchMarkName.reg.s.out ,  real 0m6.187s user 0m6.174s sys 0m0.010s
../benchmarks/creativeBenchMarkName/creativeBenchMarkName.stack.s.out ,  real 0m10.951s user 0m10.939s sys 0m0.010s
../benchmarks/creativeBenchMarkName/creativeBenchMarkName.c.o0.out ,  real 0m8.604s user 0m8.589s sys 0m0.010s
../benchmarks/creativeBenchMarkName/creativeBenchMarkName.c.o3.out ,  real 0m0.005s user 0m0.004s sys 0m0.000s
../benchmarks/creativeBenchMarkName/creativeBenchMarkName.opt.s.out ,  real 0m6.137s user 0m6.125s sys 0m0.010s
../benchmarks/creativeBenchMarkName/creativeBenchMarkName.reg.s.out ,  real 0m6.135s user 0m6.132s sys 0m0.001s
../benchmarks/creativeBenchMarkName/creativeBenchMarkName.stack.s.out ,  real 0m10.952s user 0m10.949s sys 0m0.000s
../benchmarks/creativeBenchMarkName/creativeBenchMarkName.c.o0.out ,  real 0m8.520s user 0m8.517s sys 0m0.000s
../benchmarks/creativeBenchMarkName/creativeBenchMarkName.c.o3.out ,  real 0m0.006s user 0m0.001s sys 0m0.003s
../benchmarks/creativeBenchMarkName/creativeBenchMarkName.opt.s.out ,  real 0m6.136s user 0m6.133s sys 0m0.001s
../benchmarks/creativeBenchMarkName/creativeBenchMarkName.reg.s.out ,  real 0m6.087s user 0m6.085s sys 0m0.000s
../benchmarks/creativeBenchMarkName/creativeBenchMarkName.stack.s.out ,  real 0m11.039s user 0m11.037s sys 0m0.000s
../benchmarks/creativeBenchMarkName/creativeBenchMarkName.c.o0.out ,  real 0m8.550s user 0m8.548s sys 0m0.000s
../benchmarks/creativeBenchMarkName/creativeBenchMarkName.c.o3.out ,  real 0m0.006s user 0m0.003s sys 0m0.001s
../benchmarks/creativeBenchMarkName/creativeBenchMarkName.opt.s.out ,  real 0m6.088s user 0m6.085s sys 0m0.000s
../benchmarks/creativeBenchMarkName/creativeBenchMarkName.reg.s.out ,  real 0m6.110s user 0m6.097s sys 0m0.010s
../benchmarks/creativeBenchMarkName/creativeBenchMarkName.stack.s.out ,  real 0m11.040s user 0m11.027s sys 0m0.010s
../benchmarks/creativeBenchMarkName/creativeBenchMarkName.c.o0.out ,  real 0m8.519s user 0m8.517s sys 0m0.000s
../benchmarks/creativeBenchMarkName/creativeBenchMarkName.c.o3.out ,  real 0m0.007s user 0m0.001s sys 0m0.003s
../benchmarks/creativeBenchMarkName/creativeBenchMarkName.opt.s.out ,  real 0m6.135s user 0m6.133s sys 0m0.000s
../benchmarks/creativeBenchMarkName/creativeBenchMarkName.reg.s.out ,  real 0m6.136s user 0m6.134s sys 0m0.000s
../benchmarks/creativeBenchMarkName/creativeBenchMarkName.stack.s.out ,  real 0m10.953s user 0m10.949s sys 0m0.000s
../benchmarks/creativeBenchMarkName/creativeBenchMarkName.c.o0.out ,  real 0m8.551s user 0m8.539s sys 0m0.010s
../benchmarks/creativeBenchMarkName/creativeBenchMarkName.c.o3.out ,  real 0m0.005s user 0m0.004s sys 0m0.000s
../benchmarks/creativeBenchMarkName/creativeBenchMarkName.opt.s.out ,  real 0m6.109s user 0m6.107s sys 0m0.000s
../benchmarks/creativeBenchMarkName/creativeBenchMarkName.reg.s.out ,  real 0m6.109s user 0m6.106s sys 0m0.001s
../benchmarks/creativeBenchMarkName/creativeBenchMarkName.stack.s.out ,  real 0m10.952s user 0m10.939s sys 0m0.010s
../benchmarks/creativeBenchMarkName/creativeBenchMarkName.c.o0.out ,  real 0m8.550s user 0m8.548s sys 0m0.000s
../benchmarks/creativeBenchMarkName/creativeBenchMarkName.c.o3.out ,  real 0m0.005s user 0m0.004s sys 0m0.000s
../benchmarks/creativeBenchMarkName/creativeBenchMarkName.opt.s.out ,  real 0m6.109s user 0m6.097s sys 0m0.010s
../benchmarks/creativeBenchMarkName/creativeBenchMarkName.reg.s.out ,  real 0m6.088s user 0m6.085s sys 0m0.000s
../benchmarks/creativeBenchMarkName/creativeBenchMarkName.stack.s.out ,  real 0m10.991s user 0m10.990s sys 0m0.000s
../benchmarks/fact_sum/fact_sum.c.o0.out ,  real 0m0.010s user 0m0.007s sys 0m0.000s
../benchmarks/fact_sum/fact_sum.c.o3.out ,  real 0m0.010s user 0m0.007s sys 0m0.000s
../benchmarks/fact_sum/fact_sum.opt.s.out ,  real 0m0.009s user 0m0.007s sys 0m0.000s
../benchmarks/fact_sum/fact_sum.reg.s.out ,  real 0m0.015s user 0m0.007s sys 0m0.000s
../benchmarks/fact_sum/fact_sum.stack.s.out ,  real 0m0.010s user 0m0.007s sys 0m0.000s
../benchmarks/fact_sum/fact_sum.c.o0.out ,  real 0m0.008s user 0m0.006s sys 0m0.001s
../benchmarks/fact_sum/fact_sum.c.o3.out ,  real 0m0.008s user 0m0.007s sys 0m0.000s
../benchmarks/fact_sum/fact_sum.opt.s.out ,  real 0m0.009s user 0m0.007s sys 0m0.000s
../benchmarks/fact_sum/fact_sum.reg.s.out ,  real 0m0.008s user 0m0.007s sys 0m0.000s
../benchmarks/fact_sum/fact_sum.stack.s.out ,  real 0m0.008s user 0m0.001s sys 0m0.006s
../benchmarks/fact_sum/fact_sum.c.o0.out ,  real 0m0.008s user 0m0.007s sys 0m0.000s
../benchmarks/fact_sum/fact_sum.c.o3.out ,  real 0m0.008s user 0m0.007s sys 0m0.000s
../benchmarks/fact_sum/fact_sum.opt.s.out ,  real 0m0.008s user 0m0.007s sys 0m0.000s
../benchmarks/fact_sum/fact_sum.reg.s.out ,  real 0m0.008s user 0m0.007s sys 0m0.000s
../benchmarks/fact_sum/fact_sum.stack.s.out ,  real 0m0.008s user 0m0.001s sys 0m0.006s
../benchmarks/fact_sum/fact_sum.c.o0.out ,  real 0m0.008s user 0m0.001s sys 0m0.006s
../benchmarks/fact_sum/fact_sum.c.o3.out ,  real 0m0.008s user 0m0.001s sys 0m0.006s
../benchmarks/fact_sum/fact_sum.opt.s.out ,  real 0m0.008s user 0m0.007s sys 0m0.000s
../benchmarks/fact_sum/fact_sum.reg.s.out ,  real 0m0.008s user 0m0.007s sys 0m0.000s
../benchmarks/fact_sum/fact_sum.stack.s.out ,  real 0m0.008s user 0m0.001s sys 0m0.007s
../benchmarks/fact_sum/fact_sum.c.o0.out ,  real 0m0.008s user 0m0.007s sys 0m0.000s
../benchmarks/fact_sum/fact_sum.c.o3.out ,  real 0m0.009s user 0m0.007s sys 0m0.000s
../benchmarks/fact_sum/fact_sum.opt.s.out ,  real 0m0.009s user 0m0.007s sys 0m0.000s
../benchmarks/fact_sum/fact_sum.reg.s.out ,  real 0m0.008s user 0m0.007s sys 0m0.000s
../benchmarks/fact_sum/fact_sum.stack.s.out ,  real 0m0.008s user 0m0.001s sys 0m0.006s
../benchmarks/fact_sum/fact_sum.c.o0.out ,  real 0m0.008s user 0m0.007s sys 0m0.000s
../benchmarks/fact_sum/fact_sum.c.o3.out ,  real 0m0.008s user 0m0.000s sys 0m0.007s
../benchmarks/fact_sum/fact_sum.opt.s.out ,  real 0m0.008s user 0m0.007s sys 0m0.000s
../benchmarks/fact_sum/fact_sum.reg.s.out ,  real 0m0.008s user 0m0.001s sys 0m0.006s
../benchmarks/fact_sum/fact_sum.stack.s.out ,  real 0m0.008s user 0m0.007s sys 0m0.000s
../benchmarks/fact_sum/fact_sum.c.o0.out ,  real 0m0.008s user 0m0.001s sys 0m0.006s
../benchmarks/fact_sum/fact_sum.c.o3.out ,  real 0m0.008s user 0m0.007s sys 0m0.000s
../benchmarks/fact_sum/fact_sum.opt.s.out ,  real 0m0.008s user 0m0.007s sys 0m0.000s
../benchmarks/fact_sum/fact_sum.reg.s.out ,  real 0m0.016s user 0m0.013s sys 0m0.000s
../benchmarks/fact_sum/fact_sum.stack.s.out ,  real 0m0.015s user 0m0.001s sys 0m0.012s
../benchmarks/fact_sum/fact_sum.c.o0.out ,  real 0m0.015s user 0m0.012s sys 0m0.001s
../benchmarks/fact_sum/fact_sum.c.o3.out ,  real 0m0.014s user 0m0.013s sys 0m0.000s
../benchmarks/fact_sum/fact_sum.opt.s.out ,  real 0m0.014s user 0m0.013s sys 0m0.000s
../benchmarks/fact_sum/fact_sum.reg.s.out ,  real 0m0.015s user 0m0.012s sys 0m0.001s
../benchmarks/fact_sum/fact_sum.stack.s.out ,  real 0m0.015s user 0m0.013s sys 0m0.000s
../benchmarks/fact_sum/fact_sum.c.o0.out ,  real 0m0.015s user 0m0.013s sys 0m0.000s
../benchmarks/fact_sum/fact_sum.c.o3.out ,  real 0m0.014s user 0m0.013s sys 0m0.000s
../benchmarks/fact_sum/fact_sum.opt.s.out ,  real 0m0.015s user 0m0.007s sys 0m0.006s
../benchmarks/fact_sum/fact_sum.reg.s.out ,  real 0m0.014s user 0m0.012s sys 0m0.001s
../benchmarks/fact_sum/fact_sum.stack.s.out ,  real 0m0.014s user 0m0.001s sys 0m0.012s
../benchmarks/fact_sum/fact_sum.c.o0.out ,  real 0m0.015s user 0m0.012s sys 0m0.001s
../benchmarks/fact_sum/fact_sum.c.o3.out ,  real 0m0.014s user 0m0.001s sys 0m0.012s
../benchmarks/fact_sum/fact_sum.opt.s.out ,  real 0m0.015s user 0m0.007s sys 0m0.006s
../benchmarks/fact_sum/fact_sum.reg.s.out ,  real 0m0.014s user 0m0.013s sys 0m0.000s
../benchmarks/fact_sum/fact_sum.stack.s.out ,  real 0m0.015s user 0m0.001s sys 0m0.012s
../benchmarks/Fibonacci/Fibonacci.c.o0.out ,  real 0m51.351s user 0m51.342s sys 0m0.000s
../benchmarks/Fibonacci/Fibonacci.c.o3.out ,  real 0m28.638s user 0m28.622s sys 0m0.011s
../benchmarks/Fibonacci/Fibonacci.opt.s.out ,  real 0m51.988s user 0m51.971s sys 0m0.010s
../benchmarks/Fibonacci/Fibonacci.reg.s.out ,  real 0m51.806s user 0m51.799s sys 0m0.000s
../benchmarks/Fibonacci/Fibonacci.stack.s.out ,  real 1m11.189s user 1m11.175s sys 0m0.001s
../benchmarks/Fibonacci/Fibonacci.c.o0.out ,  real 0m51.762s user 0m51.742s sys 0m0.010s
../benchmarks/Fibonacci/Fibonacci.c.o3.out ,  real 0m28.591s user 0m28.587s sys 0m0.000s
../benchmarks/Fibonacci/Fibonacci.opt.s.out ,  real 0m51.985s user 0m51.970s sys 0m0.010s
../benchmarks/Fibonacci/Fibonacci.reg.s.out ,  real 0m52.226s user 0m52.217s sys 0m0.000s
../benchmarks/Fibonacci/Fibonacci.stack.s.out ,  real 1m11.178s user 1m11.172s sys 0m0.000s
../benchmarks/Fibonacci/Fibonacci.c.o0.out ,  real 0m51.527s user 0m51.515s sys 0m0.010s
../benchmarks/Fibonacci/Fibonacci.c.o3.out ,  real 0m28.589s user 0m28.577s sys 0m0.011s
../benchmarks/Fibonacci/Fibonacci.opt.s.out ,  real 0m51.811s user 0m51.790s sys 0m0.010s
../benchmarks/Fibonacci/Fibonacci.reg.s.out ,  real 0m52.227s user 0m52.207s sys 0m0.010s
../benchmarks/Fibonacci/Fibonacci.stack.s.out ,  real 1m11.188s user 1m11.165s sys 0m0.010s
../benchmarks/Fibonacci/Fibonacci.c.o0.out ,  real 0m51.350s user 0m51.342s sys 0m0.000s
../benchmarks/Fibonacci/Fibonacci.c.o3.out ,  real 0m28.687s user 0m28.684s sys 0m0.001s
../benchmarks/Fibonacci/Fibonacci.opt.s.out ,  real 0m51.817s user 0m51.805s sys 0m0.000s
../benchmarks/Fibonacci/Fibonacci.reg.s.out ,  real 0m51.803s user 0m51.788s sys 0m0.011s
../benchmarks/Fibonacci/Fibonacci.stack.s.out ,  real 1m11.663s user 1m11.646s sys 0m0.000s
../benchmarks/Fibonacci/Fibonacci.c.o0.out ,  real 0m51.353s user 0m51.344s sys 0m0.001s
../benchmarks/Fibonacci/Fibonacci.c.o3.out ,  real 0m28.688s user 0m28.686s sys 0m0.000s
../benchmarks/Fibonacci/Fibonacci.opt.s.out ,  real 0m51.814s user 0m51.801s sys 0m0.000s
../benchmarks/Fibonacci/Fibonacci.reg.s.out ,  real 0m51.809s user 0m51.791s sys 0m0.010s
../benchmarks/Fibonacci/Fibonacci.stack.s.out ,  real 1m11.430s user 1m11.413s sys 0m0.010s
../benchmarks/Fibonacci/Fibonacci.c.o0.out ,  real 0m51.529s user 0m51.525s sys 0m0.000s
../benchmarks/Fibonacci/Fibonacci.c.o3.out ,  real 0m28.688s user 0m28.675s sys 0m0.010s
../benchmarks/Fibonacci/Fibonacci.opt.s.out ,  real 0m51.987s user 0m51.971s sys 0m0.010s
../benchmarks/Fibonacci/Fibonacci.reg.s.out ,  real 0m51.810s user 0m51.792s sys 0m0.010s
../benchmarks/Fibonacci/Fibonacci.stack.s.out ,  real 1m11.430s user 1m11.423s sys 0m0.000s
../benchmarks/Fibonacci/Fibonacci.c.o0.out ,  real 0m51.527s user 0m51.524s sys 0m0.000s
../benchmarks/Fibonacci/Fibonacci.c.o3.out ,  real 0m28.611s user 0m28.591s sys 0m0.000s
../benchmarks/Fibonacci/Fibonacci.opt.s.out ,  real 0m51.986s user 0m51.971s sys 0m0.010s
../benchmarks/Fibonacci/Fibonacci.reg.s.out ,  real 0m51.806s user 0m51.802s sys 0m0.000s
../benchmarks/Fibonacci/Fibonacci.stack.s.out ,  real 1m11.186s user 1m11.164s sys 0m0.011s
../benchmarks/Fibonacci/Fibonacci.c.o0.out ,  real 0m51.527s user 0m51.514s sys 0m0.010s
../benchmarks/Fibonacci/Fibonacci.c.o3.out ,  real 0m28.816s user 0m28.810s sys 0m0.001s
../benchmarks/Fibonacci/Fibonacci.opt.s.out ,  real 0m51.813s user 0m51.803s sys 0m0.000s
../benchmarks/Fibonacci/Fibonacci.reg.s.out ,  real 0m51.804s user 0m51.801s sys 0m0.000s
../benchmarks/Fibonacci/Fibonacci.stack.s.out ,  real 1m11.497s user 1m11.482s sys 0m0.000s
../benchmarks/Fibonacci/Fibonacci.c.o0.out ,  real 0m51.394s user 0m51.390s sys 0m0.000s
../benchmarks/Fibonacci/Fibonacci.c.o3.out ,  real 0m28.824s user 0m28.806s sys 0m0.010s
../benchmarks/Fibonacci/Fibonacci.opt.s.out ,  real 0m51.810s user 0m51.789s sys 0m0.011s
../benchmarks/Fibonacci/Fibonacci.reg.s.out ,  real 0m51.809s user 0m51.800s sys 0m0.000s
../benchmarks/Fibonacci/Fibonacci.stack.s.out ,  real 1m11.191s user 1m11.178s sys 0m0.000s
../benchmarks/Fibonacci/Fibonacci.c.o0.out ,  real 0m51.534s user 0m51.529s sys 0m0.000s
../benchmarks/Fibonacci/Fibonacci.c.o3.out ,  real 0m28.590s user 0m28.587s sys 0m0.000s
../benchmarks/Fibonacci/Fibonacci.opt.s.out ,  real 0m53.697s user 0m53.660s sys 0m0.020s
../benchmarks/Fibonacci/Fibonacci.reg.s.out ,  real 0m51.988s user 0m51.983s sys 0m0.001s
../benchmarks/Fibonacci/Fibonacci.stack.s.out ,  real 1m11.183s user 1m11.173s sys 0m0.000s
../benchmarks/GeneralFunctAndOptimize/GeneralFunctAndOptimize.c.o0.out ,  real 0m4.570s user 0m4.565s sys 0m0.000s
../benchmarks/GeneralFunctAndOptimize/GeneralFunctAndOptimize.c.o3.out ,  real 0m1.050s user 0m1.047s sys 0m0.000s
../benchmarks/GeneralFunctAndOptimize/GeneralFunctAndOptimize.opt.s.out ,  real 0m3.476s user 0m3.473s sys 0m0.000s
../benchmarks/GeneralFunctAndOptimize/GeneralFunctAndOptimize.reg.s.out ,  real 0m4.198s user 0m4.196s sys 0m0.000s
../benchmarks/GeneralFunctAndOptimize/GeneralFunctAndOptimize.stack.s.out ,  real 0m5.618s user 0m5.614s sys 0m0.000s
../benchmarks/GeneralFunctAndOptimize/GeneralFunctAndOptimize.c.o0.out ,  real 0m4.532s user 0m4.519s sys 0m0.010s
../benchmarks/GeneralFunctAndOptimize/GeneralFunctAndOptimize.c.o3.out ,  real 0m1.057s user 0m1.045s sys 0m0.010s
../benchmarks/GeneralFunctAndOptimize/GeneralFunctAndOptimize.opt.s.out ,  real 0m3.459s user 0m3.448s sys 0m0.010s
../benchmarks/GeneralFunctAndOptimize/GeneralFunctAndOptimize.reg.s.out ,  real 0m4.200s user 0m4.198s sys 0m0.000s
../benchmarks/GeneralFunctAndOptimize/GeneralFunctAndOptimize.stack.s.out ,  real 0m5.594s user 0m5.593s sys 0m0.000s
../benchmarks/GeneralFunctAndOptimize/GeneralFunctAndOptimize.c.o0.out ,  real 0m4.530s user 0m4.529s sys 0m0.000s
../benchmarks/GeneralFunctAndOptimize/GeneralFunctAndOptimize.c.o3.out ,  real 0m1.048s user 0m1.037s sys 0m0.010s
../benchmarks/GeneralFunctAndOptimize/GeneralFunctAndOptimize.opt.s.out ,  real 0m3.460s user 0m3.458s sys 0m0.000s
../benchmarks/GeneralFunctAndOptimize/GeneralFunctAndOptimize.reg.s.out ,  real 0m4.201s user 0m4.189s sys 0m0.011s
../benchmarks/GeneralFunctAndOptimize/GeneralFunctAndOptimize.stack.s.out ,  real 0m5.594s user 0m5.593s sys 0m0.000s
../benchmarks/GeneralFunctAndOptimize/GeneralFunctAndOptimize.c.o0.out ,  real 0m4.548s user 0m4.536s sys 0m0.010s
../benchmarks/GeneralFunctAndOptimize/GeneralFunctAndOptimize.c.o3.out ,  real 0m1.049s user 0m1.047s sys 0m0.000s
../benchmarks/GeneralFunctAndOptimize/GeneralFunctAndOptimize.opt.s.out ,  real 0m3.475s user 0m3.473s sys 0m0.000s
../benchmarks/GeneralFunctAndOptimize/GeneralFunctAndOptimize.reg.s.out ,  real 0m4.213s user 0m4.211s sys 0m0.000s
../benchmarks/GeneralFunctAndOptimize/GeneralFunctAndOptimize.stack.s.out ,  real 0m5.615s user 0m5.603s sys 0m0.010s
../benchmarks/GeneralFunctAndOptimize/GeneralFunctAndOptimize.c.o0.out ,  real 0m4.531s user 0m4.528s sys 0m0.001s
../benchmarks/GeneralFunctAndOptimize/GeneralFunctAndOptimize.c.o3.out ,  real 0m1.057s user 0m1.055s sys 0m0.000s
../benchmarks/GeneralFunctAndOptimize/GeneralFunctAndOptimize.opt.s.out ,  real 0m3.460s user 0m3.447s sys 0m0.011s
../benchmarks/GeneralFunctAndOptimize/GeneralFunctAndOptimize.reg.s.out ,  real 0m4.213s user 0m4.211s sys 0m0.000s
../benchmarks/GeneralFunctAndOptimize/GeneralFunctAndOptimize.stack.s.out ,  real 0m5.595s user 0m5.583s sys 0m0.010s
../benchmarks/GeneralFunctAndOptimize/GeneralFunctAndOptimize.c.o0.out ,  real 0m4.531s user 0m4.528s sys 0m0.001s
../benchmarks/GeneralFunctAndOptimize/GeneralFunctAndOptimize.c.o3.out ,  real 0m1.057s user 0m1.046s sys 0m0.010s
../benchmarks/GeneralFunctAndOptimize/GeneralFunctAndOptimize.opt.s.out ,  real 0m3.461s user 0m3.448s sys 0m0.010s
../benchmarks/GeneralFunctAndOptimize/GeneralFunctAndOptimize.reg.s.out ,  real 0m4.197s user 0m4.196s sys 0m0.000s
../benchmarks/GeneralFunctAndOptimize/GeneralFunctAndOptimize.stack.s.out ,  real 0m5.640s user 0m5.628s sys 0m0.010s
../benchmarks/GeneralFunctAndOptimize/GeneralFunctAndOptimize.c.o0.out ,  real 0m4.547s user 0m4.536s sys 0m0.010s
../benchmarks/GeneralFunctAndOptimize/GeneralFunctAndOptimize.c.o3.out ,  real 0m1.052s user 0m1.041s sys 0m0.010s
../benchmarks/GeneralFunctAndOptimize/GeneralFunctAndOptimize.opt.s.out ,  real 0m3.459s user 0m3.448s sys 0m0.010s
../benchmarks/GeneralFunctAndOptimize/GeneralFunctAndOptimize.reg.s.out ,  real 0m4.213s user 0m4.211s sys 0m0.000s
../benchmarks/GeneralFunctAndOptimize/GeneralFunctAndOptimize.stack.s.out ,  real 0m5.594s user 0m5.593s sys 0m0.000s
../benchmarks/GeneralFunctAndOptimize/GeneralFunctAndOptimize.c.o0.out ,  real 0m4.531s user 0m4.529s sys 0m0.000s
../benchmarks/GeneralFunctAndOptimize/GeneralFunctAndOptimize.c.o3.out ,  real 0m1.048s user 0m1.047s sys 0m0.000s
../benchmarks/GeneralFunctAndOptimize/GeneralFunctAndOptimize.opt.s.out ,  real 0m3.447s user 0m3.445s sys 0m0.000s
../benchmarks/GeneralFunctAndOptimize/GeneralFunctAndOptimize.reg.s.out ,  real 0m4.197s user 0m4.185s sys 0m0.010s
../benchmarks/GeneralFunctAndOptimize/GeneralFunctAndOptimize.stack.s.out ,  real 0m5.624s user 0m5.615s sys 0m0.000s
../benchmarks/GeneralFunctAndOptimize/GeneralFunctAndOptimize.c.o0.out ,  real 0m4.548s user 0m4.545s sys 0m0.001s
../benchmarks/GeneralFunctAndOptimize/GeneralFunctAndOptimize.c.o3.out ,  real 0m1.048s user 0m1.047s sys 0m0.000s
../benchmarks/GeneralFunctAndOptimize/GeneralFunctAndOptimize.opt.s.out ,  real 0m3.475s user 0m3.473s sys 0m0.000s
../benchmarks/GeneralFunctAndOptimize/GeneralFunctAndOptimize.reg.s.out ,  real 0m4.212s user 0m4.201s sys 0m0.011s
../benchmarks/GeneralFunctAndOptimize/GeneralFunctAndOptimize.stack.s.out ,  real 0m5.641s user 0m5.639s sys 0m0.000s
../benchmarks/GeneralFunctAndOptimize/GeneralFunctAndOptimize.c.o0.out ,  real 0m4.531s user 0m4.519s sys 0m0.010s
../benchmarks/GeneralFunctAndOptimize/GeneralFunctAndOptimize.c.o3.out ,  real 0m1.049s user 0m1.047s sys 0m0.000s
../benchmarks/GeneralFunctAndOptimize/GeneralFunctAndOptimize.opt.s.out ,  real 0m3.475s user 0m3.472s sys 0m0.001s
../benchmarks/GeneralFunctAndOptimize/GeneralFunctAndOptimize.reg.s.out ,  real 0m4.200s user 0m4.196s sys 0m0.000s
../benchmarks/GeneralFunctAndOptimize/GeneralFunctAndOptimize.stack.s.out ,  real 0m5.616s user 0m5.603s sys 0m0.010s
../benchmarks/hailstone/hailstone.c.o0.out ,  real 0m0.009s user 0m0.000s sys 0m0.004s
../benchmarks/hailstone/hailstone.c.o3.out ,  real 0m0.008s user 0m0.004s sys 0m0.000s
../benchmarks/hailstone/hailstone.opt.s.out ,  real 0m0.007s user 0m0.004s sys 0m0.000s
../benchmarks/hailstone/hailstone.reg.s.out ,  real 0m0.007s user 0m0.004s sys 0m0.000s
../benchmarks/hailstone/hailstone.stack.s.out ,  real 0m0.007s user 0m0.001s sys 0m0.004s
../benchmarks/hailstone/hailstone.c.o0.out ,  real 0m0.005s user 0m0.003s sys 0m0.001s
../benchmarks/hailstone/hailstone.c.o3.out ,  real 0m0.006s user 0m0.004s sys 0m0.000s
../benchmarks/hailstone/hailstone.opt.s.out ,  real 0m0.005s user 0m0.004s sys 0m0.000s
../benchmarks/hailstone/hailstone.reg.s.out ,  real 0m0.005s user 0m0.004s sys 0m0.000s
../benchmarks/hailstone/hailstone.stack.s.out ,  real 0m0.005s user 0m0.004s sys 0m0.000s
../benchmarks/hailstone/hailstone.c.o0.out ,  real 0m0.005s user 0m0.004s sys 0m0.000s
../benchmarks/hailstone/hailstone.c.o3.out ,  real 0m0.005s user 0m0.003s sys 0m0.001s
../benchmarks/hailstone/hailstone.opt.s.out ,  real 0m0.005s user 0m0.004s sys 0m0.000s
../benchmarks/hailstone/hailstone.reg.s.out ,  real 0m0.005s user 0m0.004s sys 0m0.000s
../benchmarks/hailstone/hailstone.stack.s.out ,  real 0m0.006s user 0m0.001s sys 0m0.003s
../benchmarks/hailstone/hailstone.c.o0.out ,  real 0m0.009s user 0m0.007s sys 0m0.000s
../benchmarks/hailstone/hailstone.c.o3.out ,  real 0m0.009s user 0m0.001s sys 0m0.006s
../benchmarks/hailstone/hailstone.opt.s.out ,  real 0m0.008s user 0m0.007s sys 0m0.000s
../benchmarks/hailstone/hailstone.reg.s.out ,  real 0m0.009s user 0m0.006s sys 0m0.001s
../benchmarks/hailstone/hailstone.stack.s.out ,  real 0m0.009s user 0m0.007s sys 0m0.000s
../benchmarks/hailstone/hailstone.c.o0.out ,  real 0m0.008s user 0m0.001s sys 0m0.006s
../benchmarks/hailstone/hailstone.c.o3.out ,  real 0m0.009s user 0m0.001s sys 0m0.006s
../benchmarks/hailstone/hailstone.opt.s.out ,  real 0m0.008s user 0m0.007s sys 0m0.000s
../benchmarks/hailstone/hailstone.reg.s.out ,  real 0m0.009s user 0m0.001s sys 0m0.006s
../benchmarks/hailstone/hailstone.stack.s.out ,  real 0m0.009s user 0m0.007s sys 0m0.000s
../benchmarks/hailstone/hailstone.c.o0.out ,  real 0m0.008s user 0m0.007s sys 0m0.000s
../benchmarks/hailstone/hailstone.c.o3.out ,  real 0m0.009s user 0m0.001s sys 0m0.006s
../benchmarks/hailstone/hailstone.opt.s.out ,  real 0m0.008s user 0m0.007s sys 0m0.000s
../benchmarks/hailstone/hailstone.reg.s.out ,  real 0m0.009s user 0m0.001s sys 0m0.006s
../benchmarks/hailstone/hailstone.stack.s.out ,  real 0m0.009s user 0m0.007s sys 0m0.000s
../benchmarks/hailstone/hailstone.c.o0.out ,  real 0m0.009s user 0m0.001s sys 0m0.006s
../benchmarks/hailstone/hailstone.c.o3.out ,  real 0m0.009s user 0m0.007s sys 0m0.000s
../benchmarks/hailstone/hailstone.opt.s.out ,  real 0m0.009s user 0m0.001s sys 0m0.006s
../benchmarks/hailstone/hailstone.reg.s.out ,  real 0m0.009s user 0m0.001s sys 0m0.006s
../benchmarks/hailstone/hailstone.stack.s.out ,  real 0m0.009s user 0m0.007s sys 0m0.000s
../benchmarks/hailstone/hailstone.c.o0.out ,  real 0m0.009s user 0m0.007s sys 0m0.000s
../benchmarks/hailstone/hailstone.c.o3.out ,  real 0m0.010s user 0m0.001s sys 0m0.006s
../benchmarks/hailstone/hailstone.opt.s.out ,  real 0m0.009s user 0m0.007s sys 0m0.000s
../benchmarks/hailstone/hailstone.reg.s.out ,  real 0m0.010s user 0m0.006s sys 0m0.001s
../benchmarks/hailstone/hailstone.stack.s.out ,  real 0m0.009s user 0m0.001s sys 0m0.006s
../benchmarks/hailstone/hailstone.c.o0.out ,  real 0m0.009s user 0m0.006s sys 0m0.001s
../benchmarks/hailstone/hailstone.c.o3.out ,  real 0m0.009s user 0m0.001s sys 0m0.006s
../benchmarks/hailstone/hailstone.opt.s.out ,  real 0m0.009s user 0m0.001s sys 0m0.006s
../benchmarks/hailstone/hailstone.reg.s.out ,  real 0m0.009s user 0m0.001s sys 0m0.006s
../benchmarks/hailstone/hailstone.stack.s.out ,  real 0m0.008s user 0m0.000s sys 0m0.008s
../benchmarks/hailstone/hailstone.c.o0.out ,  real 0m0.008s user 0m0.007s sys 0m0.000s
../benchmarks/hailstone/hailstone.c.o3.out ,  real 0m0.009s user 0m0.001s sys 0m0.006s
../benchmarks/hailstone/hailstone.opt.s.out ,  real 0m0.009s user 0m0.007s sys 0m0.000s
../benchmarks/hailstone/hailstone.reg.s.out ,  real 0m0.009s user 0m0.008s sys 0m0.000s
../benchmarks/hailstone/hailstone.stack.s.out ,  real 0m0.009s user 0m0.007s sys 0m0.000s
../benchmarks/hanoi_benchmark/hanoi_benchmark.c.o0.out ,  real 0m30.908s user 0m30.901s sys 0m0.001s
../benchmarks/hanoi_benchmark/hanoi_benchmark.c.o3.out ,  real 0m13.916s user 0m13.901s sys 0m0.010s
../benchmarks/hanoi_benchmark/hanoi_benchmark.opt.s.out ,  real 0m38.793s user 0m38.781s sys 0m0.000s
../benchmarks/hanoi_benchmark/hanoi_benchmark.reg.s.out ,  real 0m38.455s user 0m38.447s sys 0m0.000s
../benchmarks/hanoi_benchmark/hanoi_benchmark.stack.s.out ,  real 0m47.683s user 0m47.677s sys 0m0.001s
../benchmarks/hanoi_benchmark/hanoi_benchmark.c.o0.out ,  real 0m31.089s user 0m31.061s sys 0m0.021s
../benchmarks/hanoi_benchmark/hanoi_benchmark.c.o3.out ,  real 0m13.913s user 0m13.901s sys 0m0.010s
../benchmarks/hanoi_benchmark/hanoi_benchmark.opt.s.out ,  real 0m38.464s user 0m38.449s sys 0m0.000s
../benchmarks/hanoi_benchmark/hanoi_benchmark.reg.s.out ,  real 0m38.525s user 0m38.449s sys 0m0.000s
../benchmarks/hanoi_benchmark/hanoi_benchmark.stack.s.out ,  real 0m47.511s user 0m47.498s sys 0m0.010s
../benchmarks/hanoi_benchmark/hanoi_benchmark.c.o0.out ,  real 0m31.034s user 0m31.031s sys 0m0.001s
../benchmarks/hanoi_benchmark/hanoi_benchmark.c.o3.out ,  real 0m13.876s user 0m13.834s sys 0m0.010s
../benchmarks/hanoi_benchmark/hanoi_benchmark.opt.s.out ,  real 0m38.790s user 0m38.771s sys 0m0.010s
../benchmarks/hanoi_benchmark/hanoi_benchmark.reg.s.out ,  real 0m38.453s user 0m38.435s sys 0m0.010s
../benchmarks/hanoi_benchmark/hanoi_benchmark.stack.s.out ,  real 0m47.682s user 0m47.678s sys 0m0.000s
../benchmarks/hanoi_benchmark/hanoi_benchmark.c.o0.out ,  real 0m30.905s user 0m30.901s sys 0m0.000s
../benchmarks/hanoi_benchmark/hanoi_benchmark.c.o3.out ,  real 0m13.844s user 0m13.841s sys 0m0.000s
../benchmarks/hanoi_benchmark/hanoi_benchmark.opt.s.out ,  real 0m38.460s user 0m38.452s sys 0m0.000s
../benchmarks/hanoi_benchmark/hanoi_benchmark.reg.s.out ,  real 0m38.451s user 0m38.432s sys 0m0.010s
../benchmarks/hanoi_benchmark/hanoi_benchmark.stack.s.out ,  real 0m47.585s user 0m47.566s sys 0m0.010s
../benchmarks/hanoi_benchmark/hanoi_benchmark.c.o0.out ,  real 0m31.036s user 0m31.033s sys 0m0.000s
../benchmarks/hanoi_benchmark/hanoi_benchmark.c.o3.out ,  real 0m13.844s user 0m13.842s sys 0m0.000s
../benchmarks/hanoi_benchmark/hanoi_benchmark.opt.s.out ,  real 0m38.449s user 0m38.443s sys 0m0.000s
../benchmarks/hanoi_benchmark/hanoi_benchmark.reg.s.out ,  real 0m38.591s user 0m38.586s sys 0m0.000s
../benchmarks/hanoi_benchmark/hanoi_benchmark.stack.s.out ,  real 0m47.511s user 0m47.498s sys 0m0.010s
../benchmarks/hanoi_benchmark/hanoi_benchmark.c.o0.out ,  real 0m30.957s user 0m30.942s sys 0m0.010s
../benchmarks/hanoi_benchmark/hanoi_benchmark.c.o3.out ,  real 0m13.982s user 0m13.967s sys 0m0.010s
../benchmarks/hanoi_benchmark/hanoi_benchmark.opt.s.out ,  real 0m38.451s user 0m38.436s sys 0m0.010s
../benchmarks/hanoi_benchmark/hanoi_benchmark.reg.s.out ,  real 0m38.644s user 0m38.627s sys 0m0.010s
../benchmarks/hanoi_benchmark/hanoi_benchmark.stack.s.out ,  real 0m47.516s user 0m47.509s sys 0m0.000s
../benchmarks/hanoi_benchmark/hanoi_benchmark.c.o0.out ,  real 0m30.905s user 0m30.903s sys 0m0.000s
../benchmarks/hanoi_benchmark/hanoi_benchmark.c.o3.out ,  real 0m13.853s user 0m13.850s sys 0m0.000s
../benchmarks/hanoi_benchmark/hanoi_benchmark.opt.s.out ,  real 0m38.590s user 0m38.587s sys 0m0.000s
../benchmarks/hanoi_benchmark/hanoi_benchmark.reg.s.out ,  real 0m38.791s user 0m38.780s sys 0m0.000s
../benchmarks/hanoi_benchmark/hanoi_benchmark.stack.s.out ,  real 0m47.896s user 0m47.884s sys 0m0.000s
../benchmarks/hanoi_benchmark/hanoi_benchmark.c.o0.out ,  real 0m30.907s user 0m30.902s sys 0m0.000s
../benchmarks/hanoi_benchmark/hanoi_benchmark.c.o3.out ,  real 0m13.845s user 0m13.832s sys 0m0.011s
../benchmarks/hanoi_benchmark/hanoi_benchmark.opt.s.out ,  real 0m38.455s user 0m38.449s sys 0m0.000s
../benchmarks/hanoi_benchmark/hanoi_benchmark.reg.s.out ,  real 0m38.592s user 0m38.577s sys 0m0.010s
../benchmarks/hanoi_benchmark/hanoi_benchmark.stack.s.out ,  real 0m47.517s user 0m47.509s sys 0m0.000s
../benchmarks/hanoi_benchmark/hanoi_benchmark.c.o0.out ,  real 0m31.035s user 0m31.032s sys 0m0.000s
../benchmarks/hanoi_benchmark/hanoi_benchmark.c.o3.out ,  real 0m13.857s user 0m13.853s sys 0m0.000s
../benchmarks/hanoi_benchmark/hanoi_benchmark.opt.s.out ,  real 0m38.449s user 0m38.432s sys 0m0.010s
../benchmarks/hanoi_benchmark/hanoi_benchmark.reg.s.out ,  real 0m38.459s user 0m38.451s sys 0m0.000s
../benchmarks/hanoi_benchmark/hanoi_benchmark.stack.s.out ,  real 0m47.509s user 0m47.507s sys 0m0.000s
../benchmarks/hanoi_benchmark/hanoi_benchmark.c.o0.out ,  real 0m30.912s user 0m30.894s sys 0m0.010s
../benchmarks/hanoi_benchmark/hanoi_benchmark.c.o3.out ,  real 0m13.913s user 0m13.911s sys 0m0.000s
../benchmarks/hanoi_benchmark/hanoi_benchmark.opt.s.out ,  real 0m38.461s user 0m38.455s sys 0m0.000s
../benchmarks/hanoi_benchmark/hanoi_benchmark.reg.s.out ,  real 0m38.445s user 0m38.437s sys 0m0.000s
../benchmarks/hanoi_benchmark/hanoi_benchmark.stack.s.out ,  real 0m47.680s user 0m47.676s sys 0m0.000s
../benchmarks/killerBubbles/killerBubbles.c.o0.out ,  real 0m24.871s user 0m24.867s sys 0m0.000s
../benchmarks/killerBubbles/killerBubbles.c.o3.out ,  real 0m4.566s user 0m4.561s sys 0m0.000s
../benchmarks/killerBubbles/killerBubbles.opt.s.out ,  real 0m22.050s user 0m22.031s sys 0m0.010s
../benchmarks/killerBubbles/killerBubbles.reg.s.out ,  real 0m22.607s user 0m22.597s sys 0m0.000s
../benchmarks/killerBubbles/killerBubbles.stack.s.out ,  real 0m36.531s user 0m36.523s sys 0m0.000s
../benchmarks/killerBubbles/killerBubbles.c.o0.out ,  real 0m24.714s user 0m24.711s sys 0m0.000s
../benchmarks/killerBubbles/killerBubbles.c.o3.out ,  real 0m4.631s user 0m4.626s sys 0m0.000s
../benchmarks/killerBubbles/killerBubbles.opt.s.out ,  real 0m22.137s user 0m22.134s sys 0m0.000s
../benchmarks/killerBubbles/killerBubbles.reg.s.out ,  real 0m22.768s user 0m22.748s sys 0m0.010s
../benchmarks/killerBubbles/killerBubbles.stack.s.out ,  real 0m36.422s user 0m36.409s sys 0m0.000s
../benchmarks/killerBubbles/killerBubbles.c.o0.out ,  real 0m24.714s user 0m24.709s sys 0m0.001s
../benchmarks/killerBubbles/killerBubbles.c.o3.out ,  real 0m4.616s user 0m4.615s sys 0m0.000s
../benchmarks/killerBubbles/killerBubbles.opt.s.out ,  real 0m22.279s user 0m22.259s sys 0m0.010s
../benchmarks/killerBubbles/killerBubbles.reg.s.out ,  real 0m22.540s user 0m22.535s sys 0m0.000s
../benchmarks/killerBubbles/killerBubbles.stack.s.out ,  real 0m36.397s user 0m36.364s sys 0m0.001s
../benchmarks/killerBubbles/killerBubbles.c.o0.out ,  real 0m24.716s user 0m24.708s sys 0m0.000s
../benchmarks/killerBubbles/killerBubbles.c.o3.out ,  real 0m4.550s user 0m4.534s sys 0m0.010s
../benchmarks/killerBubbles/killerBubbles.opt.s.out ,  real 0m22.059s user 0m22.052s sys 0m0.000s
../benchmarks/killerBubbles/killerBubbles.reg.s.out ,  real 0m22.627s user 0m22.613s sys 0m0.010s
../benchmarks/killerBubbles/killerBubbles.stack.s.out ,  real 0m36.397s user 0m36.387s sys 0m0.000s
../benchmarks/killerBubbles/killerBubbles.c.o0.out ,  real 0m24.747s user 0m24.742s sys 0m0.001s
../benchmarks/killerBubbles/killerBubbles.c.o3.out ,  real 0m4.522s user 0m4.511s sys 0m0.010s
../benchmarks/killerBubbles/killerBubbles.opt.s.out ,  real 0m22.055s user 0m22.049s sys 0m0.000s
../benchmarks/killerBubbles/killerBubbles.reg.s.out ,  real 0m22.555s user 0m22.541s sys 0m0.010s
../benchmarks/killerBubbles/killerBubbles.stack.s.out ,  real 0m36.786s user 0m36.751s sys 0m0.000s
../benchmarks/killerBubbles/killerBubbles.c.o0.out ,  real 0m24.849s user 0m24.845s sys 0m0.000s
../benchmarks/killerBubbles/killerBubbles.c.o3.out ,  real 0m4.570s user 0m4.566s sys 0m0.000s
../benchmarks/killerBubbles/killerBubbles.opt.s.out ,  real 0m22.059s user 0m22.044s sys 0m0.010s
../benchmarks/killerBubbles/killerBubbles.reg.s.out ,  real 0m22.826s user 0m22.815s sys 0m0.000s
../benchmarks/killerBubbles/killerBubbles.stack.s.out ,  real 0m36.534s user 0m36.526s sys 0m0.001s
../benchmarks/killerBubbles/killerBubbles.c.o0.out ,  real 0m24.714s user 0m24.707s sys 0m0.000s
../benchmarks/killerBubbles/killerBubbles.c.o3.out ,  real 0m4.495s user 0m4.492s sys 0m0.000s
../benchmarks/killerBubbles/killerBubbles.opt.s.out ,  real 0m22.298s user 0m22.278s sys 0m0.010s
../benchmarks/killerBubbles/killerBubbles.reg.s.out ,  real 0m22.555s user 0m22.548s sys 0m0.000s
../benchmarks/killerBubbles/killerBubbles.stack.s.out ,  real 0m36.547s user 0m36.531s sys 0m0.010s
../benchmarks/killerBubbles/killerBubbles.c.o0.out ,  real 0m24.727s user 0m24.719s sys 0m0.000s
../benchmarks/killerBubbles/killerBubbles.c.o3.out ,  real 0m4.512s user 0m4.509s sys 0m0.000s
../benchmarks/killerBubbles/killerBubbles.opt.s.out ,  real 0m22.154s user 0m22.152s sys 0m0.000s
../benchmarks/killerBubbles/killerBubbles.reg.s.out ,  real 0m22.546s user 0m22.530s sys 0m0.010s
../benchmarks/killerBubbles/killerBubbles.stack.s.out ,  real 0m36.791s user 0m36.764s sys 0m0.010s
../benchmarks/killerBubbles/killerBubbles.c.o0.out ,  real 0m24.716s user 0m24.713s sys 0m0.000s
../benchmarks/killerBubbles/killerBubbles.c.o3.out ,  real 0m4.545s user 0m4.543s sys 0m0.001s
../benchmarks/killerBubbles/killerBubbles.opt.s.out ,  real 0m22.161s user 0m22.148s sys 0m0.010s
../benchmarks/killerBubbles/killerBubbles.reg.s.out ,  real 0m22.562s user 0m22.539s sys 0m0.020s
../benchmarks/killerBubbles/killerBubbles.stack.s.out ,  real 0m36.815s user 0m36.786s sys 0m0.010s
../benchmarks/killerBubbles/killerBubbles.c.o0.out ,  real 0m24.741s user 0m24.734s sys 0m0.000s
../benchmarks/killerBubbles/killerBubbles.c.o3.out ,  real 0m4.552s user 0m4.544s sys 0m0.001s
../benchmarks/killerBubbles/killerBubbles.opt.s.out ,  real 0m22.192s user 0m22.177s sys 0m0.010s
../benchmarks/killerBubbles/killerBubbles.reg.s.out ,  real 0m22.535s user 0m22.522s sys 0m0.010s
../benchmarks/killerBubbles/killerBubbles.stack.s.out ,  real 0m36.785s user 0m36.766s sys 0m0.000s
../benchmarks/mile1/mile1.c.o0.out ,  real 0m21.730s user 0m21.723s sys 0m0.000s
../benchmarks/mile1/mile1.c.o3.out ,  real 0m5.025s user 0m5.019s sys 0m0.000s
../benchmarks/mile1/mile1.opt.s.out ,  real 0m8.416s user 0m8.403s sys 0m0.010s
../benchmarks/mile1/mile1.reg.s.out ,  real 0m8.455s user 0m8.451s sys 0m0.000s
../benchmarks/mile1/mile1.stack.s.out ,  real 0m25.080s user 0m25.074s sys 0m0.000s
../benchmarks/mile1/mile1.c.o0.out ,  real 0m21.726s user 0m21.721s sys 0m0.001s
../benchmarks/mile1/mile1.c.o3.out ,  real 0m5.021s user 0m5.019s sys 0m0.000s
../benchmarks/mile1/mile1.opt.s.out ,  real 0m8.385s user 0m8.383s sys 0m0.000s
../benchmarks/mile1/mile1.reg.s.out ,  real 0m8.387s user 0m8.374s sys 0m0.010s
../benchmarks/mile1/mile1.stack.s.out ,  real 0m25.331s user 0m25.327s sys 0m0.000s
../benchmarks/mile1/mile1.c.o0.out ,  real 0m21.804s user 0m21.802s sys 0m0.000s
../benchmarks/mile1/mile1.c.o3.out ,  real 0m5.060s user 0m5.059s sys 0m0.000s
../benchmarks/mile1/mile1.opt.s.out ,  real 0m8.386s user 0m8.372s sys 0m0.010s
../benchmarks/mile1/mile1.reg.s.out ,  real 0m8.454s user 0m8.441s sys 0m0.010s
../benchmarks/mile1/mile1.stack.s.out ,  real 0m25.170s user 0m25.157s sys 0m0.010s
../benchmarks/mile1/mile1.c.o0.out ,  real 0m21.724s user 0m21.721s sys 0m0.000s
../benchmarks/mile1/mile1.c.o3.out ,  real 0m5.062s user 0m5.059s sys 0m0.000s
../benchmarks/mile1/mile1.opt.s.out ,  real 0m8.385s user 0m8.373s sys 0m0.010s
../benchmarks/mile1/mile1.reg.s.out ,  real 0m8.388s user 0m8.374s sys 0m0.010s
../benchmarks/mile1/mile1.stack.s.out ,  real 0m25.130s user 0m25.124s sys 0m0.000s
../benchmarks/mile1/mile1.c.o0.out ,  real 0m21.723s user 0m21.721s sys 0m0.000s
../benchmarks/mile1/mile1.c.o3.out ,  real 0m5.021s user 0m5.019s sys 0m0.000s
../benchmarks/mile1/mile1.opt.s.out ,  real 0m8.385s user 0m8.382s sys 0m0.001s
../benchmarks/mile1/mile1.reg.s.out ,  real 0m8.385s user 0m8.384s sys 0m0.000s
../benchmarks/mile1/mile1.stack.s.out ,  real 0m25.078s user 0m25.074s sys 0m0.000s
../benchmarks/mile1/mile1.c.o0.out ,  real 0m21.804s user 0m21.801s sys 0m0.000s
../benchmarks/mile1/mile1.c.o3.out ,  real 0m5.020s user 0m5.019s sys 0m0.000s
../benchmarks/mile1/mile1.opt.s.out ,  real 0m8.415s user 0m8.413s sys 0m0.000s
../benchmarks/mile1/mile1.reg.s.out ,  real 0m8.456s user 0m8.452s sys 0m0.000s
../benchmarks/mile1/mile1.stack.s.out ,  real 0m25.076s user 0m25.063s sys 0m0.010s
../benchmarks/mile1/mile1.c.o0.out ,  real 0m21.725s user 0m21.712s sys 0m0.010s
../benchmarks/mile1/mile1.c.o3.out ,  real 0m5.061s user 0m5.059s sys 0m0.000s
../benchmarks/mile1/mile1.opt.s.out ,  real 0m8.415s user 0m8.403s sys 0m0.010s
../benchmarks/mile1/mile1.reg.s.out ,  real 0m8.455s user 0m8.442s sys 0m0.010s
../benchmarks/mile1/mile1.stack.s.out ,  real 0m25.078s user 0m25.064s sys 0m0.010s
../benchmarks/mile1/mile1.c.o0.out ,  real 0m21.804s user 0m21.791s sys 0m0.011s
../benchmarks/mile1/mile1.c.o3.out ,  real 0m5.020s user 0m5.019s sys 0m0.000s
../benchmarks/mile1/mile1.opt.s.out ,  real 0m8.386s user 0m8.383s sys 0m0.000s
../benchmarks/mile1/mile1.reg.s.out ,  real 0m8.416s user 0m8.415s sys 0m0.000s
../benchmarks/mile1/mile1.stack.s.out ,  real 0m25.079s user 0m25.074s sys 0m0.000s
../benchmarks/mile1/mile1.c.o0.out ,  real 0m21.803s user 0m21.791s sys 0m0.010s
../benchmarks/mile1/mile1.c.o3.out ,  real 0m5.061s user 0m5.059s sys 0m0.000s
../benchmarks/mile1/mile1.opt.s.out ,  real 0m8.386s user 0m8.382s sys 0m0.000s
../benchmarks/mile1/mile1.reg.s.out ,  real 0m8.386s user 0m8.384s sys 0m0.000s
../benchmarks/mile1/mile1.stack.s.out ,  real 0m25.075s user 0m25.073s sys 0m0.000s
../benchmarks/mile1/mile1.c.o0.out ,  real 0m21.804s user 0m21.801s sys 0m0.000s
../benchmarks/mile1/mile1.c.o3.out ,  real 0m5.039s user 0m5.037s sys 0m0.000s
../benchmarks/mile1/mile1.opt.s.out ,  real 0m8.385s user 0m8.382s sys 0m0.000s
../benchmarks/mile1/mile1.reg.s.out ,  real 0m8.388s user 0m8.374s sys 0m0.010s
../benchmarks/mile1/mile1.stack.s.out ,  real 0m25.282s user 0m25.256s sys 0m0.021s
../benchmarks/mixed/mixed.c.o0.out ,  real 0m27.615s user 0m27.607s sys 0m0.000s
../benchmarks/mixed/mixed.c.o3.out ,  real 0m5.091s user 0m5.085s sys 0m0.000s
../benchmarks/mixed/mixed.opt.s.out ,  real 0m19.321s user 0m19.314s sys 0m0.000s
../benchmarks/mixed/mixed.reg.s.out ,  real 0m24.460s user 0m24.453s sys 0m0.000s
../benchmarks/mixed/mixed.stack.s.out ,  real 0m31.470s user 0m31.462s sys 0m0.000s
../benchmarks/mixed/mixed.c.o0.out ,  real 0m27.481s user 0m27.472s sys 0m0.000s
../benchmarks/mixed/mixed.c.o3.out ,  real 0m4.210s user 0m4.207s sys 0m0.000s
../benchmarks/mixed/mixed.opt.s.out ,  real 0m19.483s user 0m19.466s sys 0m0.010s
../benchmarks/mixed/mixed.reg.s.out ,  real 0m24.562s user 0m24.558s sys 0m0.000s
../benchmarks/mixed/mixed.stack.s.out ,  real 0m31.410s user 0m31.386s sys 0m0.020s
../benchmarks/mixed/mixed.c.o0.out ,  real 0m27.519s user 0m27.498s sys 0m0.010s
../benchmarks/mixed/mixed.c.o3.out ,  real 0m4.498s user 0m4.496s sys 0m0.001s
../benchmarks/mixed/mixed.opt.s.out ,  real 0m19.317s user 0m19.314s sys 0m0.000s
../benchmarks/mixed/mixed.reg.s.out ,  real 0m24.675s user 0m24.666s sys 0m0.000s
../benchmarks/mixed/mixed.stack.s.out ,  real 0m31.359s user 0m31.330s sys 0m0.011s
../benchmarks/mixed/mixed.c.o0.out ,  real 0m27.497s user 0m27.479s sys 0m0.010s
../benchmarks/mixed/mixed.c.o3.out ,  real 0m4.190s user 0m4.179s sys 0m0.010s
../benchmarks/mixed/mixed.opt.s.out ,  real 0m19.491s user 0m19.484s sys 0m0.000s
../benchmarks/mixed/mixed.reg.s.out ,  real 0m24.462s user 0m24.456s sys 0m0.000s
../benchmarks/mixed/mixed.stack.s.out ,  real 0m31.341s user 0m31.330s sys 0m0.000s
../benchmarks/mixed/mixed.c.o0.out ,  real 0m27.569s user 0m27.555s sys 0m0.010s
../benchmarks/mixed/mixed.c.o3.out ,  real 0m4.269s user 0m4.268s sys 0m0.000s
../benchmarks/mixed/mixed.opt.s.out ,  real 0m19.319s user 0m19.304s sys 0m0.010s
../benchmarks/mixed/mixed.reg.s.out ,  real 0m24.462s user 0m24.456s sys 0m0.000s
../benchmarks/mixed/mixed.stack.s.out ,  real 0m31.328s user 0m31.296s sys 0m0.021s
../benchmarks/mixed/mixed.c.o0.out ,  real 0m27.483s user 0m27.465s sys 0m0.010s
../benchmarks/mixed/mixed.c.o3.out ,  real 0m4.255s user 0m4.243s sys 0m0.010s
../benchmarks/mixed/mixed.opt.s.out ,  real 0m19.487s user 0m19.479s sys 0m0.000s
../benchmarks/mixed/mixed.reg.s.out ,  real 0m24.662s user 0m24.596s sys 0m0.011s
../benchmarks/mixed/mixed.stack.s.out ,  real 0m31.360s user 0m31.331s sys 0m0.020s
../benchmarks/mixed/mixed.c.o0.out ,  real 0m27.610s user 0m27.606s sys 0m0.000s
../benchmarks/mixed/mixed.c.o3.out ,  real 0m4.202s user 0m4.199s sys 0m0.000s
../benchmarks/mixed/mixed.opt.s.out ,  real 0m19.321s user 0m19.318s sys 0m0.000s
../benchmarks/mixed/mixed.reg.s.out ,  real 0m24.467s user 0m24.451s sys 0m0.010s
../benchmarks/mixed/mixed.stack.s.out ,  real 0m31.688s user 0m31.672s sys 0m0.001s
../benchmarks/mixed/mixed.c.o0.out ,  real 0m27.585s user 0m27.571s sys 0m0.010s
../benchmarks/mixed/mixed.c.o3.out ,  real 0m4.231s user 0m4.219s sys 0m0.010s
../benchmarks/mixed/mixed.opt.s.out ,  real 0m19.489s user 0m19.472s sys 0m0.010s
../benchmarks/mixed/mixed.reg.s.out ,  real 0m24.461s user 0m24.448s sys 0m0.010s
../benchmarks/mixed/mixed.stack.s.out ,  real 0m31.325s user 0m31.319s sys 0m0.000s
../benchmarks/mixed/mixed.c.o0.out ,  real 0m27.435s user 0m27.420s sys 0m0.011s
../benchmarks/mixed/mixed.c.o3.out ,  real 0m4.199s user 0m4.196s sys 0m0.001s
../benchmarks/mixed/mixed.opt.s.out ,  real 0m19.402s user 0m19.389s sys 0m0.010s
../benchmarks/mixed/mixed.reg.s.out ,  real 0m24.458s user 0m24.454s sys 0m0.001s
../benchmarks/mixed/mixed.stack.s.out ,  real 0m31.443s user 0m31.357s sys 0m0.010s
../benchmarks/mixed/mixed.c.o0.out ,  real 0m27.612s user 0m27.593s sys 0m0.010s
../benchmarks/mixed/mixed.c.o3.out ,  real 0m4.471s user 0m4.469s sys 0m0.000s
../benchmarks/mixed/mixed.opt.s.out ,  real 0m19.486s user 0m19.459s sys 0m0.020s
../benchmarks/mixed/mixed.reg.s.out ,  real 0m24.459s user 0m24.443s sys 0m0.010s
../benchmarks/mixed/mixed.stack.s.out ,  real 0m31.661s user 0m31.634s sys 0m0.010s
../benchmarks/OptimizationBenchmark/OptimizationBenchmark.c.o0.out ,  real 0m42.823s user 0m42.817s sys 0m0.000s
../benchmarks/OptimizationBenchmark/OptimizationBenchmark.c.o3.out ,  real 0m0.022s user 0m0.019s sys 0m0.000s
../benchmarks/OptimizationBenchmark/OptimizationBenchmark.opt.s.out ,  real 0m23.436s user 0m23.430s sys 0m0.000s
../benchmarks/OptimizationBenchmark/OptimizationBenchmark.reg.s.out ,  real 0m29.061s user 0m29.052s sys 0m0.000s
../benchmarks/OptimizationBenchmark/OptimizationBenchmark.stack.s.out ,  real 0m46.874s user 0m46.869s sys 0m0.000s
../benchmarks/OptimizationBenchmark/OptimizationBenchmark.c.o0.out ,  real 0m42.819s user 0m42.816s sys 0m0.001s
../benchmarks/OptimizationBenchmark/OptimizationBenchmark.c.o3.out ,  real 0m0.020s user 0m0.019s sys 0m0.000s
../benchmarks/OptimizationBenchmark/OptimizationBenchmark.opt.s.out ,  real 0m23.864s user 0m23.860s sys 0m0.001s
../benchmarks/OptimizationBenchmark/OptimizationBenchmark.reg.s.out ,  real 0m29.131s user 0m29.127s sys 0m0.001s
../benchmarks/OptimizationBenchmark/OptimizationBenchmark.stack.s.out ,  real 0m46.757s user 0m46.748s sys 0m0.000s
../benchmarks/OptimizationBenchmark/OptimizationBenchmark.c.o0.out ,  real 0m42.820s user 0m42.807s sys 0m0.010s
../benchmarks/OptimizationBenchmark/OptimizationBenchmark.c.o3.out ,  real 0m0.020s user 0m0.019s sys 0m0.000s
../benchmarks/OptimizationBenchmark/OptimizationBenchmark.opt.s.out ,  real 0m23.872s user 0m23.858s sys 0m0.010s
../benchmarks/OptimizationBenchmark/OptimizationBenchmark.reg.s.out ,  real 0m29.055s user 0m29.020s sys 0m0.000s
../benchmarks/OptimizationBenchmark/OptimizationBenchmark.stack.s.out ,  real 0m46.704s user 0m46.697s sys 0m0.000s
../benchmarks/OptimizationBenchmark/OptimizationBenchmark.c.o0.out ,  real 0m42.848s user 0m42.816s sys 0m0.000s
../benchmarks/OptimizationBenchmark/OptimizationBenchmark.c.o3.out ,  real 0m0.020s user 0m0.010s sys 0m0.009s
../benchmarks/OptimizationBenchmark/OptimizationBenchmark.opt.s.out ,  real 0m23.509s user 0m23.502s sys 0m0.000s
../benchmarks/OptimizationBenchmark/OptimizationBenchmark.reg.s.out ,  real 0m29.024s user 0m29.020s sys 0m0.000s
../benchmarks/OptimizationBenchmark/OptimizationBenchmark.stack.s.out ,  real 0m46.706s user 0m46.698s sys 0m0.000s
../benchmarks/OptimizationBenchmark/OptimizationBenchmark.c.o0.out ,  real 0m42.819s user 0m42.807s sys 0m0.010s
../benchmarks/OptimizationBenchmark/OptimizationBenchmark.c.o3.out ,  real 0m0.020s user 0m0.019s sys 0m0.000s
../benchmarks/OptimizationBenchmark/OptimizationBenchmark.opt.s.out ,  real 0m23.645s user 0m23.630s sys 0m0.010s
../benchmarks/OptimizationBenchmark/OptimizationBenchmark.reg.s.out ,  real 0m29.027s user 0m29.020s sys 0m0.001s
../benchmarks/OptimizationBenchmark/OptimizationBenchmark.stack.s.out ,  real 0m46.874s user 0m46.870s sys 0m0.000s
../benchmarks/OptimizationBenchmark/OptimizationBenchmark.c.o0.out ,  real 0m42.821s user 0m42.817s sys 0m0.000s
../benchmarks/OptimizationBenchmark/OptimizationBenchmark.c.o3.out ,  real 0m0.020s user 0m0.019s sys 0m0.000s
../benchmarks/OptimizationBenchmark/OptimizationBenchmark.opt.s.out ,  real 0m23.878s user 0m23.876s sys 0m0.000s
../benchmarks/OptimizationBenchmark/OptimizationBenchmark.reg.s.out ,  real 0m29.131s user 0m29.021s sys 0m0.000s
../benchmarks/OptimizationBenchmark/OptimizationBenchmark.stack.s.out ,  real 0m46.872s user 0m46.869s sys 0m0.000s
../benchmarks/OptimizationBenchmark/OptimizationBenchmark.c.o0.out ,  real 0m42.827s user 0m42.819s sys 0m0.000s
../benchmarks/OptimizationBenchmark/OptimizationBenchmark.c.o3.out ,  real 0m0.022s user 0m0.018s sys 0m0.001s
../benchmarks/OptimizationBenchmark/OptimizationBenchmark.opt.s.out ,  real 0m23.330s user 0m23.318s sys 0m0.010s
../benchmarks/OptimizationBenchmark/OptimizationBenchmark.reg.s.out ,  real 0m29.023s user 0m29.020s sys 0m0.000s
../benchmarks/OptimizationBenchmark/OptimizationBenchmark.stack.s.out ,  real 0m46.707s user 0m46.700s sys 0m0.000s
../benchmarks/OptimizationBenchmark/OptimizationBenchmark.c.o0.out ,  real 0m42.820s user 0m42.807s sys 0m0.010s
../benchmarks/OptimizationBenchmark/OptimizationBenchmark.c.o3.out ,  real 0m0.020s user 0m0.019s sys 0m0.000s
../benchmarks/OptimizationBenchmark/OptimizationBenchmark.opt.s.out ,  real 0m23.673s user 0m23.671s sys 0m0.000s
../benchmarks/OptimizationBenchmark/OptimizationBenchmark.reg.s.out ,  real 0m29.024s user 0m29.019s sys 0m0.001s
../benchmarks/OptimizationBenchmark/OptimizationBenchmark.stack.s.out ,  real 0m46.873s user 0m46.869s sys 0m0.000s
../benchmarks/OptimizationBenchmark/OptimizationBenchmark.c.o0.out ,  real 0m42.819s user 0m42.816s sys 0m0.000s
../benchmarks/OptimizationBenchmark/OptimizationBenchmark.c.o3.out ,  real 0m0.020s user 0m0.019s sys 0m0.000s
../benchmarks/OptimizationBenchmark/OptimizationBenchmark.opt.s.out ,  real 0m23.346s user 0m23.341s sys 0m0.000s
../benchmarks/OptimizationBenchmark/OptimizationBenchmark.reg.s.out ,  real 0m29.134s user 0m29.118s sys 0m0.010s
../benchmarks/OptimizationBenchmark/OptimizationBenchmark.stack.s.out ,  real 0m46.698s user 0m46.696s sys 0m0.000s
../benchmarks/OptimizationBenchmark/OptimizationBenchmark.c.o0.out ,  real 0m42.826s user 0m42.819s sys 0m0.000s
../benchmarks/OptimizationBenchmark/OptimizationBenchmark.c.o3.out ,  real 0m0.020s user 0m0.019s sys 0m0.000s
../benchmarks/OptimizationBenchmark/OptimizationBenchmark.opt.s.out ,  real 0m23.670s user 0m23.668s sys 0m0.000s
../benchmarks/OptimizationBenchmark/OptimizationBenchmark.reg.s.out ,  real 0m29.029s user 0m29.021s sys 0m0.000s
../benchmarks/OptimizationBenchmark/OptimizationBenchmark.stack.s.out ,  real 0m46.705s user 0m46.698s sys 0m0.000s
../benchmarks/primes/primes.c.o0.out ,  real 0m28.456s user 0m28.441s sys 0m0.010s
../benchmarks/primes/primes.c.o3.out ,  real 0m14.314s user 0m14.309s sys 0m0.000s
../benchmarks/primes/primes.opt.s.out ,  real 0m18.768s user 0m18.762s sys 0m0.000s
../benchmarks/primes/primes.reg.s.out ,  real 0m18.702s user 0m18.688s sys 0m0.000s
../benchmarks/primes/primes.stack.s.out ,  real 0m32.612s user 0m32.593s sys 0m0.011s
../benchmarks/primes/primes.c.o0.out ,  real 0m28.562s user 0m28.558s sys 0m0.000s
../benchmarks/primes/primes.c.o3.out ,  real 0m14.254s user 0m14.240s sys 0m0.010s
../benchmarks/primes/primes.opt.s.out ,  real 0m18.850s user 0m18.834s sys 0m0.010s
../benchmarks/primes/primes.reg.s.out ,  real 0m18.693s user 0m18.688s sys 0m0.000s
../benchmarks/primes/primes.stack.s.out ,  real 0m32.338s user 0m32.333s sys 0m0.000s
../benchmarks/primes/primes.c.o0.out ,  real 0m28.406s user 0m28.402s sys 0m0.000s
../benchmarks/primes/primes.c.o3.out ,  real 0m14.258s user 0m14.245s sys 0m0.010s
../benchmarks/primes/primes.opt.s.out ,  real 0m18.851s user 0m18.824s sys 0m0.021s
../benchmarks/primes/primes.reg.s.out ,  real 0m18.691s user 0m18.677s sys 0m0.010s
../benchmarks/primes/primes.stack.s.out ,  real 0m32.464s user 0m32.460s sys 0m0.000s
../benchmarks/primes/primes.c.o0.out ,  real 0m28.403s user 0m28.390s sys 0m0.011s
../benchmarks/primes/primes.c.o3.out ,  real 0m14.254s user 0m14.250s sys 0m0.000s
../benchmarks/primes/primes.opt.s.out ,  real 0m18.694s user 0m18.688s sys 0m0.000s
../benchmarks/primes/primes.reg.s.out ,  real 0m18.765s user 0m18.763s sys 0m0.000s
../benchmarks/primes/primes.stack.s.out ,  real 0m32.342s user 0m32.334s sys 0m0.000s
../benchmarks/primes/primes.c.o0.out ,  real 0m28.516s user 0m28.512s sys 0m0.000s
../benchmarks/primes/primes.c.o3.out ,  real 0m14.303s user 0m14.300s sys 0m0.000s
../benchmarks/primes/primes.opt.s.out ,  real 0m18.785s user 0m18.762s sys 0m0.000s
../benchmarks/primes/primes.reg.s.out ,  real 0m18.770s user 0m18.688s sys 0m0.000s
../benchmarks/primes/primes.stack.s.out ,  real 0m32.459s user 0m32.456s sys 0m0.000s
../benchmarks/primes/primes.c.o0.out ,  real 0m28.515s user 0m28.511s sys 0m0.001s
../benchmarks/primes/primes.c.o3.out ,  real 0m14.254s user 0m14.250s sys 0m0.000s
../benchmarks/primes/primes.opt.s.out ,  real 0m18.693s user 0m18.691s sys 0m0.000s
../benchmarks/primes/primes.reg.s.out ,  real 0m18.691s user 0m18.687s sys 0m0.001s
../benchmarks/primes/primes.stack.s.out ,  real 0m32.614s user 0m32.606s sys 0m0.000s
../benchmarks/primes/primes.c.o0.out ,  real 0m28.510s user 0m28.508s sys 0m0.000s
../benchmarks/primes/primes.c.o3.out ,  real 0m14.272s user 0m14.267s sys 0m0.000s
../benchmarks/primes/primes.opt.s.out ,  real 0m18.690s user 0m18.688s sys 0m0.000s
../benchmarks/primes/primes.reg.s.out ,  real 0m18.695s user 0m18.678s sys 0m0.010s
../benchmarks/primes/primes.stack.s.out ,  real 0m32.339s user 0m32.334s sys 0m0.000s
../benchmarks/primes/primes.c.o0.out ,  real 0m28.407s user 0m28.401s sys 0m0.001s
../benchmarks/primes/primes.c.o3.out ,  real 0m14.254s user 0m14.250s sys 0m0.000s
../benchmarks/primes/primes.opt.s.out ,  real 0m18.760s user 0m18.758s sys 0m0.000s
../benchmarks/primes/primes.reg.s.out ,  real 0m18.749s user 0m18.733s sys 0m0.010s
../benchmarks/primes/primes.stack.s.out ,  real 0m32.390s user 0m32.387s sys 0m0.000s
../benchmarks/primes/primes.c.o0.out ,  real 0m28.404s user 0m28.402s sys 0m0.000s
../benchmarks/primes/primes.c.o3.out ,  real 0m14.251s user 0m14.250s sys 0m0.000s
../benchmarks/primes/primes.opt.s.out ,  real 0m18.760s user 0m18.759s sys 0m0.000s
../benchmarks/primes/primes.reg.s.out ,  real 0m18.905s user 0m18.899s sys 0m0.000s
../benchmarks/primes/primes.stack.s.out ,  real 0m32.344s user 0m32.328s sys 0m0.010s
../benchmarks/primes/primes.c.o0.out ,  real 0m28.408s user 0m28.393s sys 0m0.010s
../benchmarks/primes/primes.c.o3.out ,  real 0m14.374s user 0m14.368s sys 0m0.000s
../benchmarks/primes/primes.opt.s.out ,  real 0m18.694s user 0m18.672s sys 0m0.020s
../benchmarks/primes/primes.reg.s.out ,  real 0m18.751s user 0m18.735s sys 0m0.010s
../benchmarks/primes/primes.stack.s.out ,  real 0m32.338s user 0m32.333s sys 0m0.000s
../benchmarks/programBreaker/programBreaker.c.o0.out ,  real 0m0.019s user 0m0.013s sys 0m0.000s
../benchmarks/programBreaker/programBreaker.c.o3.out ,  real 0m0.015s user 0m0.011s sys 0m0.000s
../benchmarks/programBreaker/programBreaker.opt.s.out ,  real 0m0.015s user 0m0.007s sys 0m0.006s
../benchmarks/programBreaker/programBreaker.reg.s.out ,  real 0m0.016s user 0m0.007s sys 0m0.006s
../benchmarks/programBreaker/programBreaker.stack.s.out ,  real 0m0.016s user 0m0.014s sys 0m0.000s
../benchmarks/programBreaker/programBreaker.c.o0.out ,  real 0m0.014s user 0m0.007s sys 0m0.006s
../benchmarks/programBreaker/programBreaker.c.o3.out ,  real 0m0.013s user 0m0.001s sys 0m0.010s
../benchmarks/programBreaker/programBreaker.opt.s.out ,  real 0m0.015s user 0m0.013s sys 0m0.000s
../benchmarks/programBreaker/programBreaker.reg.s.out ,  real 0m0.014s user 0m0.007s sys 0m0.006s
../benchmarks/programBreaker/programBreaker.stack.s.out ,  real 0m0.015s user 0m0.007s sys 0m0.007s
../benchmarks/programBreaker/programBreaker.c.o0.out ,  real 0m0.026s user 0m0.013s sys 0m0.012s
../benchmarks/programBreaker/programBreaker.c.o3.out ,  real 0m0.022s user 0m0.008s sys 0m0.013s
../benchmarks/programBreaker/programBreaker.opt.s.out ,  real 0m0.026s user 0m0.023s sys 0m0.001s
../benchmarks/programBreaker/programBreaker.reg.s.out ,  real 0m0.025s user 0m0.013s sys 0m0.012s
../benchmarks/programBreaker/programBreaker.stack.s.out ,  real 0m0.028s user 0m0.025s sys 0m0.001s
../benchmarks/programBreaker/programBreaker.c.o0.out ,  real 0m0.026s user 0m0.025s sys 0m0.000s
../benchmarks/programBreaker/programBreaker.c.o3.out ,  real 0m0.022s user 0m0.020s sys 0m0.000s
../benchmarks/programBreaker/programBreaker.opt.s.out ,  real 0m0.026s user 0m0.017s sys 0m0.008s
../benchmarks/programBreaker/programBreaker.reg.s.out ,  real 0m0.025s user 0m0.013s sys 0m0.012s
../benchmarks/programBreaker/programBreaker.stack.s.out ,  real 0m0.028s user 0m0.025s sys 0m0.002s
../benchmarks/programBreaker/programBreaker.c.o0.out ,  real 0m0.027s user 0m0.024s sys 0m0.001s
../benchmarks/programBreaker/programBreaker.c.o3.out ,  real 0m0.022s user 0m0.011s sys 0m0.010s
../benchmarks/programBreaker/programBreaker.opt.s.out ,  real 0m0.026s user 0m0.017s sys 0m0.008s
../benchmarks/programBreaker/programBreaker.reg.s.out ,  real 0m0.025s user 0m0.023s sys 0m0.001s
../benchmarks/programBreaker/programBreaker.stack.s.out ,  real 0m0.028s user 0m0.027s sys 0m0.000s
../benchmarks/programBreaker/programBreaker.c.o0.out ,  real 0m0.026s user 0m0.024s sys 0m0.001s
../benchmarks/programBreaker/programBreaker.c.o3.out ,  real 0m0.022s user 0m0.008s sys 0m0.013s
../benchmarks/programBreaker/programBreaker.opt.s.out ,  real 0m0.015s user 0m0.012s sys 0m0.001s
../benchmarks/programBreaker/programBreaker.reg.s.out ,  real 0m0.014s user 0m0.007s sys 0m0.006s
../benchmarks/programBreaker/programBreaker.stack.s.out ,  real 0m0.015s user 0m0.014s sys 0m0.000s
../benchmarks/programBreaker/programBreaker.c.o0.out ,  real 0m0.014s user 0m0.013s sys 0m0.000s
../benchmarks/programBreaker/programBreaker.c.o3.out ,  real 0m0.012s user 0m0.010s sys 0m0.001s
../benchmarks/programBreaker/programBreaker.opt.s.out ,  real 0m0.014s user 0m0.013s sys 0m0.000s
../benchmarks/programBreaker/programBreaker.reg.s.out ,  real 0m0.014s user 0m0.007s sys 0m0.006s
../benchmarks/programBreaker/programBreaker.stack.s.out ,  real 0m0.015s user 0m0.007s sys 0m0.007s
../benchmarks/programBreaker/programBreaker.c.o0.out ,  real 0m0.014s user 0m0.013s sys 0m0.000s
../benchmarks/programBreaker/programBreaker.c.o3.out ,  real 0m0.012s user 0m0.001s sys 0m0.010s
../benchmarks/programBreaker/programBreaker.opt.s.out ,  real 0m0.014s user 0m0.013s sys 0m0.000s
../benchmarks/programBreaker/programBreaker.reg.s.out ,  real 0m0.014s user 0m0.013s sys 0m0.000s
../benchmarks/programBreaker/programBreaker.stack.s.out ,  real 0m0.015s user 0m0.014s sys 0m0.000s
../benchmarks/programBreaker/programBreaker.c.o0.out ,  real 0m0.014s user 0m0.007s sys 0m0.006s
../benchmarks/programBreaker/programBreaker.c.o3.out ,  real 0m0.012s user 0m0.001s sys 0m0.010s
../benchmarks/programBreaker/programBreaker.opt.s.out ,  real 0m0.014s user 0m0.013s sys 0m0.000s
../benchmarks/programBreaker/programBreaker.reg.s.out ,  real 0m0.013s user 0m0.013s sys 0m0.000s
../benchmarks/programBreaker/programBreaker.stack.s.out ,  real 0m0.015s user 0m0.014s sys 0m0.000s
../benchmarks/programBreaker/programBreaker.c.o0.out ,  real 0m0.014s user 0m0.013s sys 0m0.000s
../benchmarks/programBreaker/programBreaker.c.o3.out ,  real 0m0.012s user 0m0.011s sys 0m0.000s
../benchmarks/programBreaker/programBreaker.opt.s.out ,  real 0m0.014s user 0m0.013s sys 0m0.000s
../benchmarks/programBreaker/programBreaker.reg.s.out ,  real 0m0.014s user 0m0.013s sys 0m0.000s
../benchmarks/programBreaker/programBreaker.stack.s.out ,  real 0m0.015s user 0m0.014s sys 0m0.000s
../benchmarks/stats/stats.c.o0.out ,  real 0m22.797s user 0m22.794s sys 0m0.000s
../benchmarks/stats/stats.c.o3.out ,  real 0m6.287s user 0m6.261s sys 0m0.020s
../benchmarks/stats/stats.opt.s.out ,  real 0m9.337s user 0m9.322s sys 0m0.010s
../benchmarks/stats/stats.reg.s.out ,  real 0m9.256s user 0m9.253s sys 0m0.001s
../benchmarks/stats/stats.stack.s.out ,  real 0m26.036s user 0m26.028s sys 0m0.000s
../benchmarks/stats/stats.c.o0.out ,  real 0m22.991s user 0m22.966s sys 0m0.020s
../benchmarks/stats/stats.c.o3.out ,  real 0m6.278s user 0m6.256s sys 0m0.020s
../benchmarks/stats/stats.opt.s.out ,  real 0m9.255s user 0m9.243s sys 0m0.010s
../benchmarks/stats/stats.reg.s.out ,  real 0m9.257s user 0m9.254s sys 0m0.000s
../benchmarks/stats/stats.stack.s.out ,  real 0m26.034s user 0m26.007s sys 0m0.020s
../benchmarks/stats/stats.c.o0.out ,  real 0m22.992s user 0m22.986s sys 0m0.000s
../benchmarks/stats/stats.c.o3.out ,  real 0m6.229s user 0m6.215s sys 0m0.011s
../benchmarks/stats/stats.opt.s.out ,  real 0m9.336s user 0m9.303s sys 0m0.030s
../benchmarks/stats/stats.reg.s.out ,  real 0m9.287s user 0m9.284s sys 0m0.000s
../benchmarks/stats/stats.stack.s.out ,  real 0m25.814s user 0m25.802s sys 0m0.010s
../benchmarks/stats/stats.c.o0.out ,  real 0m22.990s user 0m22.983s sys 0m0.000s
../benchmarks/stats/stats.c.o3.out ,  real 0m6.283s user 0m6.261s sys 0m0.020s
../benchmarks/stats/stats.opt.s.out ,  real 0m9.258s user 0m9.244s sys 0m0.010s
../benchmarks/stats/stats.reg.s.out ,  real 0m9.337s user 0m9.323s sys 0m0.010s
../benchmarks/stats/stats.stack.s.out ,  real 0m25.813s user 0m25.801s sys 0m0.010s
../benchmarks/stats/stats.c.o0.out ,  real 0m22.993s user 0m22.967s sys 0m0.020s
../benchmarks/stats/stats.c.o3.out ,  real 0m6.227s user 0m6.226s sys 0m0.000s
../benchmarks/stats/stats.opt.s.out ,  real 0m9.296s user 0m9.295s sys 0m0.000s
../benchmarks/stats/stats.reg.s.out ,  real 0m9.257s user 0m9.253s sys 0m0.001s
../benchmarks/stats/stats.stack.s.out ,  real 0m26.035s user 0m26.016s sys 0m0.010s
../benchmarks/stats/stats.c.o0.out ,  real 0m22.991s user 0m22.966s sys 0m0.020s
../benchmarks/stats/stats.c.o3.out ,  real 0m6.229s user 0m6.227s sys 0m0.000s
../benchmarks/stats/stats.opt.s.out ,  real 0m9.259s user 0m9.243s sys 0m0.011s
../benchmarks/stats/stats.reg.s.out ,  real 0m9.335s user 0m9.332s sys 0m0.000s
../benchmarks/stats/stats.stack.s.out ,  real 0m25.816s user 0m25.793s sys 0m0.020s
../benchmarks/stats/stats.c.o0.out ,  real 0m22.992s user 0m22.986s sys 0m0.000s
../benchmarks/stats/stats.c.o3.out ,  real 0m6.227s user 0m6.206s sys 0m0.020s
../benchmarks/stats/stats.opt.s.out ,  real 0m9.338s user 0m9.325s sys 0m0.010s
../benchmarks/stats/stats.reg.s.out ,  real 0m9.256s user 0m9.253s sys 0m0.000s
../benchmarks/stats/stats.stack.s.out ,  real 0m25.915s user 0m25.902s sys 0m0.010s
../benchmarks/stats/stats.c.o0.out ,  real 0m22.992s user 0m22.987s sys 0m0.000s
../benchmarks/stats/stats.c.o3.out ,  real 0m6.283s user 0m6.281s sys 0m0.000s
../benchmarks/stats/stats.opt.s.out ,  real 0m9.279s user 0m9.244s sys 0m0.010s
../benchmarks/stats/stats.reg.s.out ,  real 0m9.296s user 0m9.285s sys 0m0.010s
../benchmarks/stats/stats.stack.s.out ,  real 0m25.814s user 0m25.802s sys 0m0.010s
../benchmarks/stats/stats.c.o0.out ,  real 0m22.991s user 0m22.986s sys 0m0.000s
../benchmarks/stats/stats.c.o3.out ,  real 0m6.281s user 0m6.279s sys 0m0.000s
../benchmarks/stats/stats.opt.s.out ,  real 0m9.333s user 0m9.331s sys 0m0.000s
../benchmarks/stats/stats.reg.s.out ,  real 0m9.338s user 0m9.314s sys 0m0.020s
../benchmarks/stats/stats.stack.s.out ,  real 0m25.813s user 0m25.801s sys 0m0.010s
../benchmarks/stats/stats.c.o0.out ,  real 0m22.994s user 0m22.987s sys 0m0.000s
../benchmarks/stats/stats.c.o3.out ,  real 0m6.228s user 0m6.216s sys 0m0.010s
../benchmarks/stats/stats.opt.s.out ,  real 0m9.296s user 0m9.284s sys 0m0.010s
../benchmarks/stats/stats.reg.s.out ,  real 0m9.337s user 0m9.324s sys 0m0.010s
../benchmarks/stats/stats.stack.s.out ,  real 0m25.813s user 0m25.801s sys 0m0.010s
../benchmarks/TicTac/TicTac.c.o0.out ,  real 0m0.007s user 0m0.001s sys 0m0.004s
../benchmarks/TicTac/TicTac.c.o3.out ,  real 0m0.007s user 0m0.004s sys 0m0.000s
../benchmarks/TicTac/TicTac.opt.s.out ,  real 0m0.007s user 0m0.003s sys 0m0.001s
../benchmarks/TicTac/TicTac.reg.s.out ,  real 0m0.006s user 0m0.004s sys 0m0.000s
../benchmarks/TicTac/TicTac.stack.s.out ,  real 0m0.006s user 0m0.001s sys 0m0.004s
../benchmarks/TicTac/TicTac.c.o0.out ,  real 0m0.005s user 0m0.000s sys 0m0.004s
../benchmarks/TicTac/TicTac.c.o3.out ,  real 0m0.005s user 0m0.003s sys 0m0.001s
../benchmarks/TicTac/TicTac.opt.s.out ,  real 0m0.005s user 0m0.004s sys 0m0.000s
../benchmarks/TicTac/TicTac.reg.s.out ,  real 0m0.005s user 0m0.004s sys 0m0.000s
../benchmarks/TicTac/TicTac.stack.s.out ,  real 0m0.005s user 0m0.004s sys 0m0.000s
../benchmarks/TicTac/TicTac.c.o0.out ,  real 0m0.005s user 0m0.004s sys 0m0.000s
../benchmarks/TicTac/TicTac.c.o3.out ,  real 0m0.005s user 0m0.004s sys 0m0.000s
../benchmarks/TicTac/TicTac.opt.s.out ,  real 0m0.005s user 0m0.004s sys 0m0.000s
../benchmarks/TicTac/TicTac.reg.s.out ,  real 0m0.005s user 0m0.004s sys 0m0.000s
../benchmarks/TicTac/TicTac.stack.s.out ,  real 0m0.005s user 0m0.004s sys 0m0.000s
../benchmarks/TicTac/TicTac.c.o0.out ,  real 0m0.005s user 0m0.004s sys 0m0.000s
../benchmarks/TicTac/TicTac.c.o3.out ,  real 0m0.005s user 0m0.004s sys 0m0.000s
../benchmarks/TicTac/TicTac.opt.s.out ,  real 0m0.005s user 0m0.004s sys 0m0.000s
../benchmarks/TicTac/TicTac.reg.s.out ,  real 0m0.005s user 0m0.004s sys 0m0.000s
../benchmarks/TicTac/TicTac.stack.s.out ,  real 0m0.005s user 0m0.004s sys 0m0.000s
../benchmarks/TicTac/TicTac.c.o0.out ,  real 0m0.005s user 0m0.004s sys 0m0.000s
../benchmarks/TicTac/TicTac.c.o3.out ,  real 0m0.005s user 0m0.004s sys 0m0.000s
../benchmarks/TicTac/TicTac.opt.s.out ,  real 0m0.005s user 0m0.001s sys 0m0.003s
../benchmarks/TicTac/TicTac.reg.s.out ,  real 0m0.005s user 0m0.001s sys 0m0.004s
../benchmarks/TicTac/TicTac.stack.s.out ,  real 0m0.005s user 0m0.001s sys 0m0.004s
../benchmarks/TicTac/TicTac.c.o0.out ,  real 0m0.005s user 0m0.001s sys 0m0.003s
../benchmarks/TicTac/TicTac.c.o3.out ,  real 0m0.005s user 0m0.000s sys 0m0.004s
../benchmarks/TicTac/TicTac.opt.s.out ,  real 0m0.005s user 0m0.003s sys 0m0.001s
../benchmarks/TicTac/TicTac.reg.s.out ,  real 0m0.005s user 0m0.004s sys 0m0.000s
../benchmarks/TicTac/TicTac.stack.s.out ,  real 0m0.005s user 0m0.004s sys 0m0.000s
../benchmarks/TicTac/TicTac.c.o0.out ,  real 0m0.005s user 0m0.004s sys 0m0.000s
../benchmarks/TicTac/TicTac.c.o3.out ,  real 0m0.005s user 0m0.004s sys 0m0.000s
../benchmarks/TicTac/TicTac.opt.s.out ,  real 0m0.005s user 0m0.004s sys 0m0.000s
../benchmarks/TicTac/TicTac.reg.s.out ,  real 0m0.006s user 0m0.001s sys 0m0.003s
../benchmarks/TicTac/TicTac.stack.s.out ,  real 0m0.006s user 0m0.004s sys 0m0.000s
../benchmarks/TicTac/TicTac.c.o0.out ,  real 0m0.005s user 0m0.004s sys 0m0.000s
../benchmarks/TicTac/TicTac.c.o3.out ,  real 0m0.005s user 0m0.004s sys 0m0.000s
../benchmarks/TicTac/TicTac.opt.s.out ,  real 0m0.005s user 0m0.004s sys 0m0.000s
../benchmarks/TicTac/TicTac.reg.s.out ,  real 0m0.005s user 0m0.004s sys 0m0.000s
../benchmarks/TicTac/TicTac.stack.s.out ,  real 0m0.005s user 0m0.004s sys 0m0.000s
../benchmarks/TicTac/TicTac.c.o0.out ,  real 0m0.008s user 0m0.000s sys 0m0.008s
../benchmarks/TicTac/TicTac.c.o3.out ,  real 0m0.008s user 0m0.001s sys 0m0.006s
../benchmarks/TicTac/TicTac.opt.s.out ,  real 0m0.009s user 0m0.001s sys 0m0.006s
../benchmarks/TicTac/TicTac.reg.s.out ,  real 0m0.008s user 0m0.006s sys 0m0.001s
../benchmarks/TicTac/TicTac.stack.s.out ,  real 0m0.009s user 0m0.001s sys 0m0.006s
../benchmarks/TicTac/TicTac.c.o0.out ,  real 0m0.008s user 0m0.001s sys 0m0.006s
../benchmarks/TicTac/TicTac.c.o3.out ,  real 0m0.008s user 0m0.001s sys 0m0.006s
../benchmarks/TicTac/TicTac.opt.s.out ,  real 0m0.009s user 0m0.001s sys 0m0.006s
../benchmarks/TicTac/TicTac.reg.s.out ,  real 0m0.009s user 0m0.006s sys 0m0.002s
../benchmarks/TicTac/TicTac.stack.s.out ,  real 0m0.009s user 0m0.007s sys 0m0.000s
../benchmarks/wasteOfCycles/wasteOfCycles.c.o0.out ,  real 0m0.008s user 0m0.001s sys 0m0.004s
../benchmarks/wasteOfCycles/wasteOfCycles.c.o3.out ,  real 0m0.009s user 0m0.004s sys 0m0.001s
../benchmarks/wasteOfCycles/wasteOfCycles.opt.s.out ,  real 0m0.007s user 0m0.001s sys 0m0.004s
../benchmarks/wasteOfCycles/wasteOfCycles.reg.s.out ,  real 0m0.008s user 0m0.001s sys 0m0.004s
../benchmarks/wasteOfCycles/wasteOfCycles.stack.s.out ,  real 0m0.007s user 0m0.004s sys 0m0.000s
../benchmarks/wasteOfCycles/wasteOfCycles.c.o0.out ,  real 0m0.006s user 0m0.003s sys 0m0.001s
../benchmarks/wasteOfCycles/wasteOfCycles.c.o3.out ,  real 0m0.005s user 0m0.004s sys 0m0.000s
../benchmarks/wasteOfCycles/wasteOfCycles.opt.s.out ,  real 0m0.005s user 0m0.004s sys 0m0.000s
../benchmarks/wasteOfCycles/wasteOfCycles.reg.s.out ,  real 0m0.006s user 0m0.001s sys 0m0.004s
../benchmarks/wasteOfCycles/wasteOfCycles.stack.s.out ,  real 0m0.005s user 0m0.004s sys 0m0.001s
../benchmarks/wasteOfCycles/wasteOfCycles.c.o0.out ,  real 0m0.006s user 0m0.004s sys 0m0.000s
../benchmarks/wasteOfCycles/wasteOfCycles.c.o3.out ,  real 0m0.006s user 0m0.001s sys 0m0.004s
../benchmarks/wasteOfCycles/wasteOfCycles.opt.s.out ,  real 0m0.006s user 0m0.004s sys 0m0.000s
../benchmarks/wasteOfCycles/wasteOfCycles.reg.s.out ,  real 0m0.005s user 0m0.004s sys 0m0.000s
../benchmarks/wasteOfCycles/wasteOfCycles.stack.s.out ,  real 0m0.006s user 0m0.003s sys 0m0.001s
../benchmarks/wasteOfCycles/wasteOfCycles.c.o0.out ,  real 0m0.006s user 0m0.004s sys 0m0.000s
../benchmarks/wasteOfCycles/wasteOfCycles.c.o3.out ,  real 0m0.005s user 0m0.001s sys 0m0.004s
../benchmarks/wasteOfCycles/wasteOfCycles.opt.s.out ,  real 0m0.006s user 0m0.004s sys 0m0.000s
../benchmarks/wasteOfCycles/wasteOfCycles.reg.s.out ,  real 0m0.006s user 0m0.003s sys 0m0.001s
../benchmarks/wasteOfCycles/wasteOfCycles.stack.s.out ,  real 0m0.006s user 0m0.004s sys 0m0.000s
../benchmarks/wasteOfCycles/wasteOfCycles.c.o0.out ,  real 0m0.005s user 0m0.001s sys 0m0.004s
../benchmarks/wasteOfCycles/wasteOfCycles.c.o3.out ,  real 0m0.008s user 0m0.004s sys 0m0.000s
../benchmarks/wasteOfCycles/wasteOfCycles.opt.s.out ,  real 0m0.006s user 0m0.003s sys 0m0.001s
../benchmarks/wasteOfCycles/wasteOfCycles.reg.s.out ,  real 0m0.005s user 0m0.004s sys 0m0.000s
../benchmarks/wasteOfCycles/wasteOfCycles.stack.s.out ,  real 0m0.007s user 0m0.001s sys 0m0.004s
../benchmarks/wasteOfCycles/wasteOfCycles.c.o0.out ,  real 0m0.006s user 0m0.001s sys 0m0.003s
../benchmarks/wasteOfCycles/wasteOfCycles.c.o3.out ,  real 0m0.006s user 0m0.004s sys 0m0.000s
../benchmarks/wasteOfCycles/wasteOfCycles.opt.s.out ,  real 0m0.006s user 0m0.004s sys 0m0.000s
../benchmarks/wasteOfCycles/wasteOfCycles.reg.s.out ,  real 0m0.007s user 0m0.001s sys 0m0.004s
../benchmarks/wasteOfCycles/wasteOfCycles.stack.s.out ,  real 0m0.006s user 0m0.000s sys 0m0.005s
../benchmarks/wasteOfCycles/wasteOfCycles.c.o0.out ,  real 0m0.006s user 0m0.004s sys 0m0.000s
../benchmarks/wasteOfCycles/wasteOfCycles.c.o3.out ,  real 0m0.006s user 0m0.001s sys 0m0.004s
../benchmarks/wasteOfCycles/wasteOfCycles.opt.s.out ,  real 0m0.007s user 0m0.004s sys 0m0.000s
../benchmarks/wasteOfCycles/wasteOfCycles.reg.s.out ,  real 0m0.006s user 0m0.004s sys 0m0.000s
../benchmarks/wasteOfCycles/wasteOfCycles.stack.s.out ,  real 0m0.006s user 0m0.004s sys 0m0.000s
../benchmarks/wasteOfCycles/wasteOfCycles.c.o0.out ,  real 0m0.007s user 0m0.004s sys 0m0.000s
../benchmarks/wasteOfCycles/wasteOfCycles.c.o3.out ,  real 0m0.005s user 0m0.004s sys 0m0.000s
../benchmarks/wasteOfCycles/wasteOfCycles.opt.s.out ,  real 0m0.005s user 0m0.004s sys 0m0.000s
../benchmarks/wasteOfCycles/wasteOfCycles.reg.s.out ,  real 0m0.007s user 0m0.001s sys 0m0.004s
../benchmarks/wasteOfCycles/wasteOfCycles.stack.s.out ,  real 0m0.006s user 0m0.004s sys 0m0.000s
../benchmarks/wasteOfCycles/wasteOfCycles.c.o0.out ,  real 0m0.005s user 0m0.004s sys 0m0.000s
../benchmarks/wasteOfCycles/wasteOfCycles.c.o3.out ,  real 0m0.006s user 0m0.004s sys 0m0.000s
../benchmarks/wasteOfCycles/wasteOfCycles.opt.s.out ,  real 0m0.007s user 0m0.004s sys 0m0.000s
../benchmarks/wasteOfCycles/wasteOfCycles.reg.s.out ,  real 0m0.006s user 0m0.004s sys 0m0.000s
../benchmarks/wasteOfCycles/wasteOfCycles.stack.s.out ,  real 0m0.009s user 0m0.008s sys 0m0.000s
../benchmarks/wasteOfCycles/wasteOfCycles.c.o0.out ,  real 0m0.010s user 0m0.006s sys 0m0.001s
../benchmarks/wasteOfCycles/wasteOfCycles.c.o3.out ,  real 0m0.010s user 0m0.006s sys 0m0.001s
../benchmarks/wasteOfCycles/wasteOfCycles.opt.s.out ,  real 0m0.012s user 0m0.001s sys 0m0.007s
../benchmarks/wasteOfCycles/wasteOfCycles.reg.s.out ,  real 0m0.009s user 0m0.006s sys 0m0.002s
../benchmarks/wasteOfCycles/wasteOfCycles.stack.s.out ,  real 0m0.010s user 0m0.000s sys 0m0.008s
